file,class,method,variable,usage
C:\Jetpack-MVVM-Best-Practice-master\architecture\src\main\java\com\kunminx\architecture\data\response\ResponseStatus.java,com.kunminx.architecture.data.response.ResponseStatus,getSource/0,source,1
C:\Jetpack-MVVM-Best-Practice-master\architecture\src\main\java\com\kunminx\architecture\data\response\ResponseStatus.java,com.kunminx.architecture.data.response.ResponseStatus,getResponseCode/0,responseCode,1
C:\Jetpack-MVVM-Best-Practice-master\architecture\src\main\java\com\kunminx\architecture\data\response\ResponseStatus.java,com.kunminx.architecture.data.response.ResponseStatus,"ResponseStatus/3[java.lang.String,boolean,java.lang.Enum<com.kunminx.architecture.data.response.ResultSource>]",success,2
C:\Jetpack-MVVM-Best-Practice-master\architecture\src\main\java\com\kunminx\architecture\data\response\ResponseStatus.java,com.kunminx.architecture.data.response.ResponseStatus,"ResponseStatus/3[java.lang.String,boolean,java.lang.Enum<com.kunminx.architecture.data.response.ResultSource>]",source,3
C:\Jetpack-MVVM-Best-Practice-master\architecture\src\main\java\com\kunminx\architecture\data\response\ResponseStatus.java,com.kunminx.architecture.data.response.ResponseStatus,"ResponseStatus/3[java.lang.String,boolean,java.lang.Enum<com.kunminx.architecture.data.response.ResultSource>]",responseCode,2
C:\Jetpack-MVVM-Best-Practice-master\architecture\src\main\java\com\kunminx\architecture\data\response\ResponseStatus.java,com.kunminx.architecture.data.response.ResponseStatus,isSuccess/0,success,1
C:\Jetpack-MVVM-Best-Practice-master\architecture\src\main\java\com\kunminx\architecture\data\response\ResponseStatus.java,com.kunminx.architecture.data.response.ResponseStatus,"ResponseStatus/2[java.lang.String,boolean]",success,3
C:\Jetpack-MVVM-Best-Practice-master\architecture\src\main\java\com\kunminx\architecture\data\response\ResponseStatus.java,com.kunminx.architecture.data.response.ResponseStatus,"ResponseStatus/2[java.lang.String,boolean]",responseCode,3
C:\Jetpack-MVVM-Best-Practice-master\app\src\main\java\com\kunminx\puremusic\ui\page\MainFragment.java,com.kunminx.puremusic.ui.page.MainFragment,initViewModel/0,mStates,1
C:\Jetpack-MVVM-Best-Practice-master\app\src\main\java\com\kunminx\puremusic\ui\page\MainFragment.java,com.kunminx.puremusic.ui.page.MainFragment,initViewModel/0,mMusicRequester,1
C:\Jetpack-MVVM-Best-Practice-master\app\src\main\java\com\kunminx\puremusic\ui\page\MainFragment.java,com.kunminx.puremusic.ui.page.MainFragment,initViewModel/0,mMessenger,1
C:\Jetpack-MVVM-Best-Practice-master\app\src\main\java\com\kunminx\puremusic\ui\page\MainFragment.java,com.kunminx.puremusic.ui.page.MainFragment,getDataBindingConfig/0,mStates,1
C:\Jetpack-MVVM-Best-Practice-master\app\src\main\java\com\kunminx\puremusic\ui\page\MainFragment.java,com.kunminx.puremusic.ui.page.MainFragment,getDataBindingConfig/0,mAdapter,3
C:\Jetpack-MVVM-Best-Practice-master\app\src\main\java\com\kunminx\puremusic\ui\page\MainFragment.java,com.kunminx.puremusic.ui.page.MainFragment,"onViewCreated/2[com.kunminx.puremusic.ui.page.View,com.kunminx.puremusic.ui.page.Bundle]",mAdapter,1
C:\Jetpack-MVVM-Best-Practice-master\app\src\main\java\com\kunminx\puremusic\ui\page\MainFragment.java,com.kunminx.puremusic.ui.page.MainFragment,"onViewCreated/2[com.kunminx.puremusic.ui.page.View,com.kunminx.puremusic.ui.page.Bundle]",mMusicRequester,2
C:\Jetpack-MVVM-Best-Practice-master\architecture\src\main\java\com\kunminx\architecture\ui\bind\DrawablesBindingAdapter.java,com.kunminx.architecture.ui.bind.DrawablesBindingAdapter$ProxyDrawable,"addState/2[int[],com.kunminx.architecture.ui.bind.Drawable]",originDrawable,1
C:\Jetpack-MVVM-Best-Practice-master\architecture\src\main\java\com\kunminx\architecture\ui\bind\DrawablesBindingAdapter.java,com.kunminx.architecture.ui.bind.DrawablesBindingAdapter$ProxyDrawable,getOriginDrawable/0,originDrawable,1
C:\Jetpack-MVVM-Best-Practice-master\app\src\main\java\com\kunminx\puremusic\data\bean\TestAlbum.java,com.kunminx.puremusic.data.bean.TestAlbum$TestArtist,getBirthday/0,birthday,1
C:\Jetpack-MVVM-Best-Practice-master\app\src\main\java\com\kunminx\puremusic\ui\page\LoginFragment.java,com.kunminx.puremusic.ui.page.LoginFragment,initViewModel/0,mStates,1
C:\Jetpack-MVVM-Best-Practice-master\app\src\main\java\com\kunminx\puremusic\ui\page\LoginFragment.java,com.kunminx.puremusic.ui.page.LoginFragment,initViewModel/0,mAccountRequester,1
C:\Jetpack-MVVM-Best-Practice-master\app\src\main\java\com\kunminx\puremusic\ui\page\LoginFragment.java,com.kunminx.puremusic.ui.page.LoginFragment,getDataBindingConfig/0,mStates,1
C:\Jetpack-MVVM-Best-Practice-master\app\src\main\java\com\kunminx\puremusic\ui\page\LoginFragment.java,com.kunminx.puremusic.ui.page.LoginFragment,"onViewCreated/2[com.kunminx.puremusic.ui.page.View,com.kunminx.puremusic.ui.page.Bundle]",mAccountRequester,1
C:\Jetpack-MVVM-Best-Practice-master\app\src\main\java\com\kunminx\puremusic\ui\page\LoginFragment.java,com.kunminx.puremusic.ui.page.LoginFragment,"onViewCreated/2[com.kunminx.puremusic.ui.page.View,com.kunminx.puremusic.ui.page.Bundle]",mConfigs,1
C:\Jetpack-MVVM-Best-Practice-master\app\src\main\java\com\kunminx\puremusic\ui\page\LoginFragment.java,com.kunminx.puremusic.ui.page.LoginFragment,onCreate/1[com.kunminx.puremusic.ui.page.Bundle],mAccountRequester,1
C:\Jetpack-MVVM-Best-Practice-master\architecture\src\main\java\com\kunminx\architecture\ui\page\BaseActivity.java,com.kunminx.architecture.ui.page.BaseActivity,getApplicationScopeViewModel/1[java.lang.Class<T>],mViewModelScope,1
C:\Jetpack-MVVM-Best-Practice-master\architecture\src\main\java\com\kunminx\architecture\ui\page\BaseActivity.java,com.kunminx.architecture.ui.page.BaseActivity,getActivityScopeViewModel/1[java.lang.Class<T>],mViewModelScope,1
C:\Jetpack-MVVM-Best-Practice-master\architecture\src\main\java\com\kunminx\architecture\domain\usecase\UseCaseHandler.java,com.kunminx.architecture.domain.usecase.UseCaseHandler,UseCaseHandler/1[com.kunminx.architecture.domain.usecase.UseCaseScheduler],mUseCaseScheduler,1
C:\Jetpack-MVVM-Best-Practice-master\architecture\src\main\java\com\kunminx\architecture\domain\usecase\UseCaseHandler.java,com.kunminx.architecture.domain.usecase.UseCaseHandler,notifyError/1[com.kunminx.architecture.domain.usecase.UseCase.UseCaseCallback<V>],mUseCaseScheduler,1
C:\Jetpack-MVVM-Best-Practice-master\architecture\src\main\java\com\kunminx\architecture\domain\usecase\UseCaseHandler.java,com.kunminx.architecture.domain.usecase.UseCaseHandler,"execute/3[com.kunminx.architecture.domain.usecase.UseCase<T,R>,T,com.kunminx.architecture.domain.usecase.UseCase.UseCaseCallback<R>]",mUseCaseScheduler,1
C:\Jetpack-MVVM-Best-Practice-master\architecture\src\main\java\com\kunminx\architecture\domain\usecase\UseCaseHandler.java,com.kunminx.architecture.domain.usecase.UseCaseHandler,getInstance/0,INSTANCE,3
C:\Jetpack-MVVM-Best-Practice-master\architecture\src\main\java\com\kunminx\architecture\domain\usecase\UseCaseHandler.java,com.kunminx.architecture.domain.usecase.UseCaseHandler,"notifyResponse/2[V,com.kunminx.architecture.domain.usecase.UseCase.UseCaseCallback<V>]",mUseCaseScheduler,1
C:\Jetpack-MVVM-Best-Practice-master\app\src\main\java\com\kunminx\puremusic\domain\message\SharedViewModel.java,com.kunminx.puremusic.domain.message.SharedViewModel,requestToCloseSlidePanelIfExpanded/1[boolean],toCloseSlidePanelIfExpanded,1
C:\Jetpack-MVVM-Best-Practice-master\app\src\main\java\com\kunminx\puremusic\domain\message\SharedViewModel.java,com.kunminx.puremusic.domain.message.SharedViewModel,isToAddSlideListener/0,toAddSlideListener,1
C:\Jetpack-MVVM-Best-Practice-master\app\src\main\java\com\kunminx\puremusic\domain\message\SharedViewModel.java,com.kunminx.puremusic.domain.message.SharedViewModel,isToCloseSlidePanelIfExpanded/0,toCloseSlidePanelIfExpanded,1
C:\Jetpack-MVVM-Best-Practice-master\app\src\main\java\com\kunminx\puremusic\domain\message\SharedViewModel.java,com.kunminx.puremusic.domain.message.SharedViewModel,requestToCloseActivityIfAllowed/1[boolean],toCloseActivityIfAllowed,1
C:\Jetpack-MVVM-Best-Practice-master\app\src\main\java\com\kunminx\puremusic\domain\message\SharedViewModel.java,com.kunminx.puremusic.domain.message.SharedViewModel,isToCloseActivityIfAllowed/0,toCloseActivityIfAllowed,1
C:\Jetpack-MVVM-Best-Practice-master\app\src\main\java\com\kunminx\puremusic\domain\message\SharedViewModel.java,com.kunminx.puremusic.domain.message.SharedViewModel,requestToAddSlideListener/1[boolean],toAddSlideListener,1
C:\Jetpack-MVVM-Best-Practice-master\app\src\main\java\com\kunminx\puremusic\domain\message\SharedViewModel.java,com.kunminx.puremusic.domain.message.SharedViewModel,isToOpenOrCloseDrawer/0,toOpenOrCloseDrawer,1
C:\Jetpack-MVVM-Best-Practice-master\app\src\main\java\com\kunminx\puremusic\domain\message\SharedViewModel.java,com.kunminx.puremusic.domain.message.SharedViewModel,requestToOpenOrCloseDrawer/1[boolean],toOpenOrCloseDrawer,1
C:\Jetpack-MVVM-Best-Practice-master\architecture\src\main\java\com\kunminx\architecture\domain\usecase\UseCaseHandler.java,com.kunminx.architecture.domain.usecase.UseCaseHandler$UiCallbackWrapper,"UiCallbackWrapper/2[com.kunminx.architecture.domain.usecase.UseCase.UseCaseCallback<V>,com.kunminx.architecture.domain.usecase.UseCaseHandler]",mUseCaseHandler,1
C:\Jetpack-MVVM-Best-Practice-master\architecture\src\main\java\com\kunminx\architecture\domain\usecase\UseCaseHandler.java,com.kunminx.architecture.domain.usecase.UseCaseHandler$UiCallbackWrapper,"UiCallbackWrapper/2[com.kunminx.architecture.domain.usecase.UseCase.UseCaseCallback<V>,com.kunminx.architecture.domain.usecase.UseCaseHandler]",mCallback,1
C:\Jetpack-MVVM-Best-Practice-master\architecture\src\main\java\com\kunminx\architecture\domain\usecase\UseCaseHandler.java,com.kunminx.architecture.domain.usecase.UseCaseHandler$UiCallbackWrapper,onSuccess/1[V],mUseCaseHandler,1
C:\Jetpack-MVVM-Best-Practice-master\architecture\src\main\java\com\kunminx\architecture\domain\usecase\UseCaseHandler.java,com.kunminx.architecture.domain.usecase.UseCaseHandler$UiCallbackWrapper,onSuccess/1[V],mCallback,1
C:\Jetpack-MVVM-Best-Practice-master\architecture\src\main\java\com\kunminx\architecture\domain\usecase\UseCaseHandler.java,com.kunminx.architecture.domain.usecase.UseCaseHandler$UiCallbackWrapper,onError/0,mUseCaseHandler,1
C:\Jetpack-MVVM-Best-Practice-master\architecture\src\main\java\com\kunminx\architecture\domain\usecase\UseCaseHandler.java,com.kunminx.architecture.domain.usecase.UseCaseHandler$UiCallbackWrapper,onError/0,mCallback,1
C:\Jetpack-MVVM-Best-Practice-master\architecture\src\main\java\com\kunminx\architecture\ui\page\BaseFragment.java,com.kunminx.architecture.ui.page.BaseFragment,getActivityScopeViewModel/1[java.lang.Class<T>],mViewModelScope,1
C:\Jetpack-MVVM-Best-Practice-master\architecture\src\main\java\com\kunminx\architecture\ui\page\BaseFragment.java,com.kunminx.architecture.ui.page.BaseFragment,getFragmentScopeViewModel/1[java.lang.Class<T>],mViewModelScope,1
C:\Jetpack-MVVM-Best-Practice-master\architecture\src\main\java\com\kunminx\architecture\ui\page\BaseFragment.java,com.kunminx.architecture.ui.page.BaseFragment,getApplicationScopeViewModel/1[java.lang.Class<T>],mViewModelScope,1
C:\Jetpack-MVVM-Best-Practice-master\app\src\main\java\com\kunminx\puremusic\data\bean\TestAlbum.java,com.kunminx.puremusic.data.bean.TestAlbum,getAlbumMid/0,albumMid,1
C:\Jetpack-MVVM-Best-Practice-master\app\src\main\java\com\kunminx\puremusic\domain\usecase\DownloadUseCase.java,com.kunminx.puremusic.domain.usecase.DownloadUseCase$ResponseValue,getFile/0,mFile,1
C:\Jetpack-MVVM-Best-Practice-master\app\src\main\java\com\kunminx\puremusic\domain\usecase\DownloadUseCase.java,com.kunminx.puremusic.domain.usecase.DownloadUseCase$ResponseValue,ResponseValue/1[java.io.File],mFile,1
C:\Jetpack-MVVM-Best-Practice-master\app\src\main\java\com\kunminx\puremusic\domain\usecase\DownloadUseCase.java,com.kunminx.puremusic.domain.usecase.DownloadUseCase$ResponseValue,setFile/1[java.io.File],mFile,1
C:\Jetpack-MVVM-Best-Practice-master\app\src\main\java\com\kunminx\puremusic\ui\page\SearchFragment.java,com.kunminx.puremusic.ui.page.SearchFragment,"onViewCreated/2[com.kunminx.puremusic.ui.page.View,com.kunminx.puremusic.ui.page.Bundle]",mGlobalDownloadRequester,1
C:\Jetpack-MVVM-Best-Practice-master\app\src\main\java\com\kunminx\puremusic\ui\page\SearchFragment.java,com.kunminx.puremusic.ui.page.SearchFragment,"onViewCreated/2[com.kunminx.puremusic.ui.page.View,com.kunminx.puremusic.ui.page.Bundle]",mDownloadRequester,1
C:\Jetpack-MVVM-Best-Practice-master\app\src\main\java\com\kunminx\puremusic\ui\page\SearchFragment.java,com.kunminx.puremusic.ui.page.SearchFragment,initViewModel/0,mGlobalDownloadRequester,1
C:\Jetpack-MVVM-Best-Practice-master\app\src\main\java\com\kunminx\puremusic\ui\page\SearchFragment.java,com.kunminx.puremusic.ui.page.SearchFragment,initViewModel/0,mStates,1
C:\Jetpack-MVVM-Best-Practice-master\app\src\main\java\com\kunminx\puremusic\ui\page\SearchFragment.java,com.kunminx.puremusic.ui.page.SearchFragment,initViewModel/0,mDownloadRequester,1
C:\Jetpack-MVVM-Best-Practice-master\app\src\main\java\com\kunminx\puremusic\ui\page\SearchFragment.java,com.kunminx.puremusic.ui.page.SearchFragment,getDataBindingConfig/0,mStates,1
C:\Jetpack-MVVM-Best-Practice-master\app\src\main\java\com\kunminx\puremusic\ui\page\SearchFragment.java,com.kunminx.puremusic.ui.page.SearchFragment,onCreate/1[com.kunminx.puremusic.ui.page.Bundle],mDownloadRequester,1
C:\Jetpack-MVVM-Best-Practice-master\app\src\main\java\com\kunminx\puremusic\MainActivity.java,com.kunminx.puremusic.MainActivity,onCreate/1[com.kunminx.puremusic.Bundle],mMessenger,1
C:\Jetpack-MVVM-Best-Practice-master\app\src\main\java\com\kunminx\puremusic\MainActivity.java,com.kunminx.puremusic.MainActivity,initViewModel/0,mStates,1
C:\Jetpack-MVVM-Best-Practice-master\app\src\main\java\com\kunminx\puremusic\MainActivity.java,com.kunminx.puremusic.MainActivity,initViewModel/0,mMessenger,1
C:\Jetpack-MVVM-Best-Practice-master\app\src\main\java\com\kunminx\puremusic\MainActivity.java,com.kunminx.puremusic.MainActivity,onBackPressed/0,mMessenger,1
C:\Jetpack-MVVM-Best-Practice-master\app\src\main\java\com\kunminx\puremusic\MainActivity.java,com.kunminx.puremusic.MainActivity,getDataBindingConfig/0,mStates,1
C:\Jetpack-MVVM-Best-Practice-master\app\src\main\java\com\kunminx\puremusic\MainActivity.java,com.kunminx.puremusic.MainActivity,onWindowFocusChanged/1[boolean],mMessenger,1
C:\Jetpack-MVVM-Best-Practice-master\app\src\main\java\com\kunminx\puremusic\MainActivity.java,com.kunminx.puremusic.MainActivity,onWindowFocusChanged/1[boolean],mIsListened,2
C:\Jetpack-MVVM-Best-Practice-master\architecture\src\main\java\com\kunminx\architecture\ui\bind\DrawablesBindingAdapter.java,com.kunminx.architecture.ui.bind.DrawablesBindingAdapter,"create/29[int,java.lang.Integer,int,float,float,float,float,float,float,float,float,java.lang.Integer,java.lang.Integer,java.lang.Integer,int,int,java.lang.Float,java.lang.Float,float,float,float,float,float,float,float,float,float,float,float]",INVALID,19
C:\Jetpack-MVVM-Best-Practice-master\architecture\src\main\java\com\kunminx\architecture\ui\bind\DrawablesBindingAdapter.java,com.kunminx.architecture.ui.bind.DrawablesBindingAdapter,"setViewBackground/211[com.kunminx.architecture.ui.bind.View,int,java.lang.Integer,int,float,float,float,float,float,float,float,float,java.lang.Integer,java.lang.Integer,java.lang.Integer,int,int,java.lang.Float,java.lang.Float,float,float,float,float,float,float,float,float,float,float,float,int,java.lang.Integer,int,float,float,float,float,float,float,float,float,java.lang.Integer,java.lang.Integer,java.lang.Integer,int,int,java.lang.Float,java.lang.Float,float,float,float,float,float,float,float,float,float,float,float,int,java.lang.Integer,int,float,float,float,float,float,float,float,float,java.lang.Integer,java.lang.Integer,java.lang.Integer,int,int,java.lang.Float,java.lang.Float,float,float,float,float,float,float,float,float,float,float,float,int,java.lang.Integer,int,float,float,float,float,float,float,float,float,java.lang.Integer,java.lang.Integer,java.lang.Integer,int,int,java.lang.Float,java.lang.Float,float,float,float,float,float,float,float,float,float,float,float,int,java.lang.Integer,int,float,float,float,float,float,float,float,float,java.lang.Integer,java.lang.Integer,java.lang.Integer,int,int,java.lang.Float,java.lang.Float,float,float,float,float,float,float,float,float,float,float,float,int,java.lang.Integer,int,float,float,float,float,float,float,float,float,java.lang.Integer,java.lang.Integer,java.lang.Integer,int,int,java.lang.Float,java.lang.Float,float,float,float,float,float,float,float,float,float,float,float,int,java.lang.Integer,int,float,float,float,float,float,float,float,float,java.lang.Integer,java.lang.Integer,java.lang.Integer,int,int,java.lang.Float,java.lang.Float,float,float,float,float,float,float,float,float,float,float,float,com.kunminx.architecture.ui.bind.Drawable,com.kunminx.architecture.ui.bind.Drawable,com.kunminx.architecture.ui.bind.Drawable,com.kunminx.architecture.ui.bind.Drawable,com.kunminx.architecture.ui.bind.Drawable,com.kunminx.architecture.ui.bind.Drawable,com.kunminx.architecture.ui.bind.Drawable]",TMP_PADDING,8
C:\Jetpack-MVVM-Best-Practice-master\architecture\src\main\java\com\kunminx\architecture\domain\usecase\UseCaseThreadPoolScheduler.java,com.kunminx.architecture.domain.usecase.UseCaseThreadPoolScheduler,execute/1[java.lang.Runnable],mThreadPoolExecutor,1
C:\Jetpack-MVVM-Best-Practice-master\architecture\src\main\java\com\kunminx\architecture\domain\usecase\UseCaseThreadPoolScheduler.java,com.kunminx.architecture.domain.usecase.UseCaseThreadPoolScheduler,onError/1[com.kunminx.architecture.domain.usecase.UseCase.UseCaseCallback<V>],mHandler,1
C:\Jetpack-MVVM-Best-Practice-master\architecture\src\main\java\com\kunminx\architecture\domain\usecase\UseCaseThreadPoolScheduler.java,com.kunminx.architecture.domain.usecase.UseCaseThreadPoolScheduler,UseCaseThreadPoolScheduler/0,mThreadPoolExecutor,1
C:\Jetpack-MVVM-Best-Practice-master\architecture\src\main\java\com\kunminx\architecture\domain\usecase\UseCaseThreadPoolScheduler.java,com.kunminx.architecture.domain.usecase.UseCaseThreadPoolScheduler,UseCaseThreadPoolScheduler/0,TIMEOUT,1
C:\Jetpack-MVVM-Best-Practice-master\architecture\src\main\java\com\kunminx\architecture\domain\usecase\UseCaseThreadPoolScheduler.java,com.kunminx.architecture.domain.usecase.UseCaseThreadPoolScheduler,UseCaseThreadPoolScheduler/0,FIXED_POOL_SIZE,2
C:\Jetpack-MVVM-Best-Practice-master\architecture\src\main\java\com\kunminx\architecture\domain\usecase\UseCaseThreadPoolScheduler.java,com.kunminx.architecture.domain.usecase.UseCaseThreadPoolScheduler,"notifyResponse/2[V,com.kunminx.architecture.domain.usecase.UseCase.UseCaseCallback<V>]",mHandler,1
C:\Jetpack-MVVM-Best-Practice-master\app\src\main\java\com\kunminx\puremusic\domain\request\AccountRequester.java,com.kunminx.puremusic.domain.request.AccountRequester,getTokenResult/0,tokenResult,1
C:\Jetpack-MVVM-Best-Practice-master\app\src\main\java\com\kunminx\puremusic\domain\request\AccountRequester.java,com.kunminx.puremusic.domain.request.AccountRequester,requestLogin/1[com.kunminx.puremusic.data.bean.User],tokenResult,1
C:\Jetpack-MVVM-Best-Practice-master\architecture\src\main\java\com\kunminx\architecture\domain\usecase\UseCase.java,com.kunminx.architecture.domain.usecase.UseCase,getUseCaseCallback/0,mUseCaseCallback,1
C:\Jetpack-MVVM-Best-Practice-master\architecture\src\main\java\com\kunminx\architecture\domain\usecase\UseCase.java,com.kunminx.architecture.domain.usecase.UseCase,setUseCaseCallback/1[com.kunminx.architecture.domain.usecase.UseCase.UseCaseCallback<P>],mUseCaseCallback,1
C:\Jetpack-MVVM-Best-Practice-master\architecture\src\main\java\com\kunminx\architecture\domain\usecase\UseCase.java,com.kunminx.architecture.domain.usecase.UseCase,setRequestValues/1[Q],mRequestValues,1
C:\Jetpack-MVVM-Best-Practice-master\architecture\src\main\java\com\kunminx\architecture\domain\usecase\UseCase.java,com.kunminx.architecture.domain.usecase.UseCase,getRequestValues/0,mRequestValues,1
C:\Jetpack-MVVM-Best-Practice-master\architecture\src\main\java\com\kunminx\architecture\domain\usecase\UseCase.java,com.kunminx.architecture.domain.usecase.UseCase,run/0,mRequestValues,1
C:\Jetpack-MVVM-Best-Practice-master\app\src\main\java\com\kunminx\puremusic\ui\view\PlayPauseDrawable.java,com.kunminx.puremusic.ui.view.PlayPauseDrawable,isPlay/0,mIsPlay,1
C:\Jetpack-MVVM-Best-Practice-master\app\src\main\java\com\kunminx\puremusic\ui\view\PlayPauseDrawable.java,com.kunminx.puremusic.ui.view.PlayPauseDrawable,PlayPauseDrawable/0,mPaint,3
C:\Jetpack-MVVM-Best-Practice-master\app\src\main\java\com\kunminx\puremusic\ui\view\PlayPauseDrawable.java,com.kunminx.puremusic.ui.view.PlayPauseDrawable,getProgress/0,mProgress,1
C:\Jetpack-MVVM-Best-Practice-master\app\src\main\java\com\kunminx\puremusic\ui\view\PlayPauseDrawable.java,com.kunminx.puremusic.ui.view.PlayPauseDrawable,PlayPauseDrawable/1[int],mPaint,3
C:\Jetpack-MVVM-Best-Practice-master\app\src\main\java\com\kunminx\puremusic\ui\view\PlayPauseDrawable.java,com.kunminx.puremusic.ui.view.PlayPauseDrawable,setIsPlay/1[boolean],mIsPlay,1
C:\Jetpack-MVVM-Best-Practice-master\app\src\main\java\com\kunminx\puremusic\ui\view\PlayPauseDrawable.java,com.kunminx.puremusic.ui.view.PlayPauseDrawable,setAlpha/1[int],mPaint,1
C:\Jetpack-MVVM-Best-Practice-master\app\src\main\java\com\kunminx\puremusic\ui\view\PlayPauseDrawable.java,com.kunminx.puremusic.ui.view.PlayPauseDrawable,draw/1[com.kunminx.puremusic.ui.view.Canvas],mPauseBarHeight,7
C:\Jetpack-MVVM-Best-Practice-master\app\src\main\java\com\kunminx\puremusic\ui\view\PlayPauseDrawable.java,com.kunminx.puremusic.ui.view.PlayPauseDrawable,draw/1[com.kunminx.puremusic.ui.view.Canvas],mHeight,2
C:\Jetpack-MVVM-Best-Practice-master\app\src\main\java\com\kunminx\puremusic\ui\view\PlayPauseDrawable.java,com.kunminx.puremusic.ui.view.PlayPauseDrawable,draw/1[com.kunminx.puremusic.ui.view.Canvas],mWidth,2
C:\Jetpack-MVVM-Best-Practice-master\app\src\main\java\com\kunminx\puremusic\ui\view\PlayPauseDrawable.java,com.kunminx.puremusic.ui.view.PlayPauseDrawable,draw/1[com.kunminx.puremusic.ui.view.Canvas],mPaint,2
C:\Jetpack-MVVM-Best-Practice-master\app\src\main\java\com\kunminx\puremusic\ui\view\PlayPauseDrawable.java,com.kunminx.puremusic.ui.view.PlayPauseDrawable,draw/1[com.kunminx.puremusic.ui.view.Canvas],mPauseBarDistance,1
C:\Jetpack-MVVM-Best-Practice-master\app\src\main\java\com\kunminx\puremusic\ui\view\PlayPauseDrawable.java,com.kunminx.puremusic.ui.view.PlayPauseDrawable,draw/1[com.kunminx.puremusic.ui.view.Canvas],mRightPauseBar,7
C:\Jetpack-MVVM-Best-Practice-master\app\src\main\java\com\kunminx\puremusic\ui\view\PlayPauseDrawable.java,com.kunminx.puremusic.ui.view.PlayPauseDrawable,draw/1[com.kunminx.puremusic.ui.view.Canvas],mProgress,7
C:\Jetpack-MVVM-Best-Practice-master\app\src\main\java\com\kunminx\puremusic\ui\view\PlayPauseDrawable.java,com.kunminx.puremusic.ui.view.PlayPauseDrawable,draw/1[com.kunminx.puremusic.ui.view.Canvas],mIsPlay,2
C:\Jetpack-MVVM-Best-Practice-master\app\src\main\java\com\kunminx\puremusic\ui\view\PlayPauseDrawable.java,com.kunminx.puremusic.ui.view.PlayPauseDrawable,draw/1[com.kunminx.puremusic.ui.view.Canvas],mLeftPauseBar,7
C:\Jetpack-MVVM-Best-Practice-master\app\src\main\java\com\kunminx\puremusic\ui\view\PlayPauseDrawable.java,com.kunminx.puremusic.ui.view.PlayPauseDrawable,draw/1[com.kunminx.puremusic.ui.view.Canvas],mPauseBarWidth,1
C:\Jetpack-MVVM-Best-Practice-master\app\src\main\java\com\kunminx\puremusic\ui\view\PlayPauseDrawable.java,com.kunminx.puremusic.ui.view.PlayPauseDrawable,setDrawableColor/1[int],mPaint,1
C:\Jetpack-MVVM-Best-Practice-master\app\src\main\java\com\kunminx\puremusic\ui\view\PlayPauseDrawable.java,com.kunminx.puremusic.ui.view.PlayPauseDrawable,setColorFilter/1[com.kunminx.puremusic.ui.view.ColorFilter],mPaint,1
C:\Jetpack-MVVM-Best-Practice-master\app\src\main\java\com\kunminx\puremusic\ui\view\PlayPauseDrawable.java,com.kunminx.puremusic.ui.view.PlayPauseDrawable,onBoundsChange/1[com.kunminx.puremusic.ui.view.Rect],mHeight,2
C:\Jetpack-MVVM-Best-Practice-master\app\src\main\java\com\kunminx\puremusic\ui\view\PlayPauseDrawable.java,com.kunminx.puremusic.ui.view.PlayPauseDrawable,onBoundsChange/1[com.kunminx.puremusic.ui.view.Rect],mPauseBarHeight,1
C:\Jetpack-MVVM-Best-Practice-master\app\src\main\java\com\kunminx\puremusic\ui\view\PlayPauseDrawable.java,com.kunminx.puremusic.ui.view.PlayPauseDrawable,onBoundsChange/1[com.kunminx.puremusic.ui.view.Rect],mWidth,2
C:\Jetpack-MVVM-Best-Practice-master\app\src\main\java\com\kunminx\puremusic\ui\view\PlayPauseDrawable.java,com.kunminx.puremusic.ui.view.PlayPauseDrawable,onBoundsChange/1[com.kunminx.puremusic.ui.view.Rect],mPauseBarDistance,1
C:\Jetpack-MVVM-Best-Practice-master\app\src\main\java\com\kunminx\puremusic\ui\view\PlayPauseDrawable.java,com.kunminx.puremusic.ui.view.PlayPauseDrawable,onBoundsChange/1[com.kunminx.puremusic.ui.view.Rect],mBounds,3
C:\Jetpack-MVVM-Best-Practice-master\app\src\main\java\com\kunminx\puremusic\ui\view\PlayPauseDrawable.java,com.kunminx.puremusic.ui.view.PlayPauseDrawable,onBoundsChange/1[com.kunminx.puremusic.ui.view.Rect],mPauseBarWidth,2
C:\Jetpack-MVVM-Best-Practice-master\app\src\main\java\com\kunminx\puremusic\ui\view\PlayPauseDrawable.java,com.kunminx.puremusic.ui.view.PlayPauseDrawable,setProgress/1[float],mProgress,1
C:\Jetpack-MVVM-Best-Practice-master\app\src\main\java\com\kunminx\puremusic\ui\view\PlayPauseDrawable.java,com.kunminx.puremusic.ui.view.PlayPauseDrawable,getPausePlayAnimator/0,PROGRESS,1
C:\Jetpack-MVVM-Best-Practice-master\app\src\main\java\com\kunminx\puremusic\ui\view\PlayPauseDrawable.java,com.kunminx.puremusic.ui.view.PlayPauseDrawable,getPausePlayAnimator/0,mIsPlay,2
C:\Jetpack-MVVM-Best-Practice-master\architecture\src\main\java\com\kunminx\architecture\ui\adapter\CommonViewPagerAdapter.java,com.kunminx.architecture.ui.adapter.CommonViewPagerAdapter,getPageTitle/1[int],title,1
C:\Jetpack-MVVM-Best-Practice-master\architecture\src\main\java\com\kunminx\architecture\ui\adapter\CommonViewPagerAdapter.java,com.kunminx.architecture.ui.adapter.CommonViewPagerAdapter,getCount/0,count,1
C:\Jetpack-MVVM-Best-Practice-master\architecture\src\main\java\com\kunminx\architecture\ui\adapter\CommonViewPagerAdapter.java,com.kunminx.architecture.ui.adapter.CommonViewPagerAdapter,"destroyItem/3[com.kunminx.architecture.ui.adapter.ViewGroup,int,java.lang.Object]",enableDestroyItem,1
C:\Jetpack-MVVM-Best-Practice-master\architecture\src\main\java\com\kunminx\architecture\ui\adapter\CommonViewPagerAdapter.java,com.kunminx.architecture.ui.adapter.CommonViewPagerAdapter,"CommonViewPagerAdapter/2[boolean,java.lang.String[]]",count,1
C:\Jetpack-MVVM-Best-Practice-master\architecture\src\main\java\com\kunminx\architecture\ui\adapter\CommonViewPagerAdapter.java,com.kunminx.architecture.ui.adapter.CommonViewPagerAdapter,"CommonViewPagerAdapter/2[boolean,java.lang.String[]]",title,3
C:\Jetpack-MVVM-Best-Practice-master\architecture\src\main\java\com\kunminx\architecture\ui\adapter\CommonViewPagerAdapter.java,com.kunminx.architecture.ui.adapter.CommonViewPagerAdapter,"CommonViewPagerAdapter/2[boolean,java.lang.String[]]",enableDestroyItem,3
C:\Jetpack-MVVM-Best-Practice-master\architecture\src\main\java\com\kunminx\architecture\data\response\DataResult.java,com.kunminx.architecture.data.response.DataResult,getResult/0,mEntity,1
C:\Jetpack-MVVM-Best-Practice-master\architecture\src\main\java\com\kunminx\architecture\data\response\DataResult.java,com.kunminx.architecture.data.response.DataResult,getResponseStatus/0,mResponseStatus,1
C:\Jetpack-MVVM-Best-Practice-master\architecture\src\main\java\com\kunminx\architecture\data\response\DataResult.java,com.kunminx.architecture.data.response.DataResult,DataResult/1[T],mResponseStatus,1
C:\Jetpack-MVVM-Best-Practice-master\architecture\src\main\java\com\kunminx\architecture\data\response\DataResult.java,com.kunminx.architecture.data.response.DataResult,DataResult/1[T],mEntity,1
C:\Jetpack-MVVM-Best-Practice-master\architecture\src\main\java\com\kunminx\architecture\data\response\DataResult.java,com.kunminx.architecture.data.response.DataResult,"DataResult/2[T,com.kunminx.architecture.data.response.ResponseStatus]",mResponseStatus,1
C:\Jetpack-MVVM-Best-Practice-master\architecture\src\main\java\com\kunminx\architecture\data\response\DataResult.java,com.kunminx.architecture.data.response.DataResult,"DataResult/2[T,com.kunminx.architecture.data.response.ResponseStatus]",mEntity,1
C:\Jetpack-MVVM-Best-Practice-master\app\src\main\java\com\kunminx\puremusic\domain\proxy\PlayerManager.java,com.kunminx.puremusic.domain.proxy.PlayerManager,getCurrentPlayingMusic/0,mController,1
C:\Jetpack-MVVM-Best-Practice-master\app\src\main\java\com\kunminx\puremusic\domain\proxy\PlayerManager.java,com.kunminx.puremusic.domain.proxy.PlayerManager,getAlbumIndex/0,mController,1
C:\Jetpack-MVVM-Best-Practice-master\app\src\main\java\com\kunminx\puremusic\domain\proxy\PlayerManager.java,com.kunminx.puremusic.domain.proxy.PlayerManager,clear/0,mController,1
C:\Jetpack-MVVM-Best-Practice-master\app\src\main\java\com\kunminx\puremusic\domain\proxy\PlayerManager.java,com.kunminx.puremusic.domain.proxy.PlayerManager,playNext/0,mController,1
C:\Jetpack-MVVM-Best-Practice-master\app\src\main\java\com\kunminx\puremusic\domain\proxy\PlayerManager.java,com.kunminx.puremusic.domain.proxy.PlayerManager,playAgain/0,mController,1
C:\Jetpack-MVVM-Best-Practice-master\app\src\main\java\com\kunminx\puremusic\domain\proxy\PlayerManager.java,com.kunminx.puremusic.domain.proxy.PlayerManager,getRepeatMode/0,mController,1
C:\Jetpack-MVVM-Best-Practice-master\app\src\main\java\com\kunminx\puremusic\domain\proxy\PlayerManager.java,com.kunminx.puremusic.domain.proxy.PlayerManager,getInstance/0,sManager,1
C:\Jetpack-MVVM-Best-Practice-master\app\src\main\java\com\kunminx\puremusic\domain\proxy\PlayerManager.java,com.kunminx.puremusic.domain.proxy.PlayerManager,PlayerManager/0,mController,1
C:\Jetpack-MVVM-Best-Practice-master\app\src\main\java\com\kunminx\puremusic\domain\proxy\PlayerManager.java,com.kunminx.puremusic.domain.proxy.PlayerManager,pauseAudio/0,mController,1
C:\Jetpack-MVVM-Best-Practice-master\app\src\main\java\com\kunminx\puremusic\domain\proxy\PlayerManager.java,com.kunminx.puremusic.domain.proxy.PlayerManager,"loadAlbum/2[com.kunminx.puremusic.data.bean.TestAlbum,int]",mController,1
C:\Jetpack-MVVM-Best-Practice-master\app\src\main\java\com\kunminx\puremusic\domain\proxy\PlayerManager.java,com.kunminx.puremusic.domain.proxy.PlayerManager,isPlaying/0,mController,1
C:\Jetpack-MVVM-Best-Practice-master\app\src\main\java\com\kunminx\puremusic\domain\proxy\PlayerManager.java,com.kunminx.puremusic.domain.proxy.PlayerManager,playPrevious/0,mController,1
C:\Jetpack-MVVM-Best-Practice-master\app\src\main\java\com\kunminx\puremusic\domain\proxy\PlayerManager.java,com.kunminx.puremusic.domain.proxy.PlayerManager,togglePlay/0,mController,1
C:\Jetpack-MVVM-Best-Practice-master\app\src\main\java\com\kunminx\puremusic\domain\proxy\PlayerManager.java,com.kunminx.puremusic.domain.proxy.PlayerManager,isInit/0,mController,1
C:\Jetpack-MVVM-Best-Practice-master\app\src\main\java\com\kunminx\puremusic\domain\proxy\PlayerManager.java,com.kunminx.puremusic.domain.proxy.PlayerManager,isPaused/0,mController,1
C:\Jetpack-MVVM-Best-Practice-master\app\src\main\java\com\kunminx\puremusic\domain\proxy\PlayerManager.java,com.kunminx.puremusic.domain.proxy.PlayerManager,changeMode/0,mController,1
C:\Jetpack-MVVM-Best-Practice-master\app\src\main\java\com\kunminx\puremusic\domain\proxy\PlayerManager.java,com.kunminx.puremusic.domain.proxy.PlayerManager,setSeek/1[int],mController,1
C:\Jetpack-MVVM-Best-Practice-master\app\src\main\java\com\kunminx\puremusic\domain\proxy\PlayerManager.java,com.kunminx.puremusic.domain.proxy.PlayerManager,getTrackTime/1[int],mController,1
C:\Jetpack-MVVM-Best-Practice-master\app\src\main\java\com\kunminx\puremusic\domain\proxy\PlayerManager.java,com.kunminx.puremusic.domain.proxy.PlayerManager,getDispatcher/0,mController,1
C:\Jetpack-MVVM-Best-Practice-master\app\src\main\java\com\kunminx\puremusic\domain\proxy\PlayerManager.java,com.kunminx.puremusic.domain.proxy.PlayerManager,playAudio/1[int],mController,1
C:\Jetpack-MVVM-Best-Practice-master\app\src\main\java\com\kunminx\puremusic\domain\proxy\PlayerManager.java,com.kunminx.puremusic.domain.proxy.PlayerManager,requestLastPlayingInfo/0,mController,1
C:\Jetpack-MVVM-Best-Practice-master\app\src\main\java\com\kunminx\puremusic\domain\proxy\PlayerManager.java,com.kunminx.puremusic.domain.proxy.PlayerManager,setChangingPlayingMusic/1[boolean],mController,1
C:\Jetpack-MVVM-Best-Practice-master\app\src\main\java\com\kunminx\puremusic\domain\proxy\PlayerManager.java,com.kunminx.puremusic.domain.proxy.PlayerManager,getAlbum/0,mController,1
C:\Jetpack-MVVM-Best-Practice-master\app\src\main\java\com\kunminx\puremusic\domain\proxy\PlayerManager.java,com.kunminx.puremusic.domain.proxy.PlayerManager,"init/3[com.kunminx.puremusic.domain.proxy.Context,com.kunminx.puremusic.domain.proxy.IServiceNotifier,com.kunminx.puremusic.domain.proxy.ICacheProxy]",mController,1
C:\Jetpack-MVVM-Best-Practice-master\app\src\main\java\com\kunminx\puremusic\domain\proxy\PlayerManager.java,com.kunminx.puremusic.domain.proxy.PlayerManager,getAlbumMusics/0,mController,1
C:\Jetpack-MVVM-Best-Practice-master\app\src\main\java\com\kunminx\puremusic\domain\proxy\PlayerManager.java,com.kunminx.puremusic.domain.proxy.PlayerManager,playAudio/0,mController,1
C:\Jetpack-MVVM-Best-Practice-master\app\src\main\java\com\kunminx\puremusic\domain\proxy\PlayerManager.java,com.kunminx.puremusic.domain.proxy.PlayerManager,resumeAudio/0,mController,1
C:\Jetpack-MVVM-Best-Practice-master\app\src\main\java\com\kunminx\puremusic\domain\proxy\PlayerManager.java,com.kunminx.puremusic.domain.proxy.PlayerManager,loadAlbum/1[com.kunminx.puremusic.data.bean.TestAlbum],mController,2
C:\Jetpack-MVVM-Best-Practice-master\app\src\main\java\com\kunminx\puremusic\domain\usecase\DownloadUseCase.java,com.kunminx.puremusic.domain.usecase.DownloadUseCase$RequestValues,setUrl/1[java.lang.String],url,3
C:\Jetpack-MVVM-Best-Practice-master\app\src\main\java\com\kunminx\puremusic\domain\usecase\DownloadUseCase.java,com.kunminx.puremusic.domain.usecase.DownloadUseCase$RequestValues,getPath/0,path,1
C:\Jetpack-MVVM-Best-Practice-master\app\src\main\java\com\kunminx\puremusic\domain\usecase\DownloadUseCase.java,com.kunminx.puremusic.domain.usecase.DownloadUseCase$RequestValues,"RequestValues/2[java.lang.String,java.lang.String]",path,3
C:\Jetpack-MVVM-Best-Practice-master\app\src\main\java\com\kunminx\puremusic\domain\usecase\DownloadUseCase.java,com.kunminx.puremusic.domain.usecase.DownloadUseCase$RequestValues,"RequestValues/2[java.lang.String,java.lang.String]",url,3
C:\Jetpack-MVVM-Best-Practice-master\app\src\main\java\com\kunminx\puremusic\domain\usecase\DownloadUseCase.java,com.kunminx.puremusic.domain.usecase.DownloadUseCase$RequestValues,setPath/1[java.lang.String],path,3
C:\Jetpack-MVVM-Best-Practice-master\app\src\main\java\com\kunminx\puremusic\domain\usecase\DownloadUseCase.java,com.kunminx.puremusic.domain.usecase.DownloadUseCase$RequestValues,getUrl/0,url,1
C:\Jetpack-MVVM-Best-Practice-master\app\src\main\java\com\kunminx\puremusic\domain\request\DownloadRequester.java,com.kunminx.puremusic.domain.request.DownloadRequester,onCreate/1[com.kunminx.puremusic.domain.request.LifecycleOwner],pageStopped,1
C:\Jetpack-MVVM-Best-Practice-master\app\src\main\java\com\kunminx\puremusic\domain\request\DownloadRequester.java,com.kunminx.puremusic.domain.request.DownloadRequester,onHandle/1[com.kunminx.puremusic.domain.event.DownloadEvent],pageStopped,1
C:\Jetpack-MVVM-Best-Practice-master\app\src\main\java\com\kunminx\puremusic\domain\request\DownloadRequester.java,com.kunminx.puremusic.domain.request.DownloadRequester,onStop/1[com.kunminx.puremusic.domain.request.LifecycleOwner],pageStopped,1
C:\Jetpack-MVVM-Best-Practice-master\app\src\main\java\com\kunminx\puremusic\data\bean\DownloadState.java,com.kunminx.puremusic.data.bean.DownloadState,"DownloadState/3[boolean,int,java.io.File]",file,3
C:\Jetpack-MVVM-Best-Practice-master\app\src\main\java\com\kunminx\puremusic\data\bean\DownloadState.java,com.kunminx.puremusic.data.bean.DownloadState,"DownloadState/3[boolean,int,java.io.File]",progress,3
C:\Jetpack-MVVM-Best-Practice-master\app\src\main\java\com\kunminx\puremusic\data\bean\DownloadState.java,com.kunminx.puremusic.data.bean.DownloadState,"DownloadState/3[boolean,int,java.io.File]",isForgive,3
C:\Jetpack-MVVM-Best-Practice-master\app\src\main\java\com\kunminx\puremusic\data\bean\DownloadState.java,com.kunminx.puremusic.data.bean.DownloadState,DownloadState/0,file,1
C:\Jetpack-MVVM-Best-Practice-master\app\src\main\java\com\kunminx\puremusic\data\bean\DownloadState.java,com.kunminx.puremusic.data.bean.DownloadState,DownloadState/0,progress,1
C:\Jetpack-MVVM-Best-Practice-master\app\src\main\java\com\kunminx\puremusic\data\bean\DownloadState.java,com.kunminx.puremusic.data.bean.DownloadState,DownloadState/0,isForgive,1
C:\Jetpack-MVVM-Best-Practice-master\app\src\main\java\com\kunminx\puremusic\data\bean\User.java,com.kunminx.puremusic.data.bean.User,getPassword/0,password,1
C:\Jetpack-MVVM-Best-Practice-master\app\src\main\java\com\kunminx\puremusic\data\bean\User.java,com.kunminx.puremusic.data.bean.User,"User/2[java.lang.String,java.lang.String]",password,3
C:\Jetpack-MVVM-Best-Practice-master\app\src\main\java\com\kunminx\puremusic\data\bean\User.java,com.kunminx.puremusic.data.bean.User,"User/2[java.lang.String,java.lang.String]",name,3
C:\Jetpack-MVVM-Best-Practice-master\app\src\main\java\com\kunminx\puremusic\data\bean\User.java,com.kunminx.puremusic.data.bean.User,getName/0,name,1
C:\Jetpack-MVVM-Best-Practice-master\app\src\main\java\com\kunminx\puremusic\ui\view\PlayerSlideListener.java,com.kunminx.puremusic.ui.view.PlayerSlideListener,"onPanelStateChanged/3[com.kunminx.puremusic.ui.view.View,SlidingUpPanelLayout.PanelState,SlidingUpPanelLayout.PanelState]",mSlidingUpPanelLayout,2
C:\Jetpack-MVVM-Best-Practice-master\app\src\main\java\com\kunminx\puremusic\ui\view\PlayerSlideListener.java,com.kunminx.puremusic.ui.view.PlayerSlideListener,"onPanelStateChanged/3[com.kunminx.puremusic.ui.view.View,SlidingUpPanelLayout.PanelState,SlidingUpPanelLayout.PanelState]",mStatus,2
C:\Jetpack-MVVM-Best-Practice-master\app\src\main\java\com\kunminx\puremusic\ui\view\PlayerSlideListener.java,com.kunminx.puremusic.ui.view.PlayerSlideListener,"onPanelSlide/2[com.kunminx.puremusic.ui.view.View,float]",PLAY_PAUSE_DRAWABLE_COLOR,1
C:\Jetpack-MVVM-Best-Practice-master\app\src\main\java\com\kunminx\puremusic\ui\view\PlayerSlideListener.java,com.kunminx.puremusic.ui.view.PlayerSlideListener,"onPanelSlide/2[com.kunminx.puremusic.ui.view.View,float]",mNextEndX,1
C:\Jetpack-MVVM-Best-Practice-master\app\src\main\java\com\kunminx\puremusic\ui\view\PlayerSlideListener.java,com.kunminx.puremusic.ui.view.PlayerSlideListener,"onPanelSlide/2[com.kunminx.puremusic.ui.view.View,float]",mContentNormalEndTranslationY,1
C:\Jetpack-MVVM-Best-Practice-master\app\src\main\java\com\kunminx\puremusic\ui\view\PlayerSlideListener.java,com.kunminx.puremusic.ui.view.PlayerSlideListener,"onPanelSlide/2[com.kunminx.puremusic.ui.view.View,float]",mIconContainerEndY,1
C:\Jetpack-MVVM-Best-Practice-master\app\src\main\java\com\kunminx\puremusic\ui\view\PlayerSlideListener.java,com.kunminx.puremusic.ui.view.PlayerSlideListener,"onPanelSlide/2[com.kunminx.puremusic.ui.view.View,float]",mPlayQueueEndX,1
C:\Jetpack-MVVM-Best-Practice-master\app\src\main\java\com\kunminx\puremusic\ui\view\PlayerSlideListener.java,com.kunminx.puremusic.ui.view.PlayerSlideListener,"onPanelSlide/2[com.kunminx.puremusic.ui.view.View,float]",mArtistNormalEndTranslationY,1
C:\Jetpack-MVVM-Best-Practice-master\app\src\main\java\com\kunminx\puremusic\ui\view\PlayerSlideListener.java,com.kunminx.puremusic.ui.view.PlayerSlideListener,"onPanelSlide/2[com.kunminx.puremusic.ui.view.View,float]",mNextStartX,1
C:\Jetpack-MVVM-Best-Practice-master\app\src\main\java\com\kunminx\puremusic\ui\view\PlayerSlideListener.java,com.kunminx.puremusic.ui.view.PlayerSlideListener,"onPanelSlide/2[com.kunminx.puremusic.ui.view.View,float]",mArtistEndTranslationX,1
C:\Jetpack-MVVM-Best-Practice-master\app\src\main\java\com\kunminx\puremusic\ui\view\PlayerSlideListener.java,com.kunminx.puremusic.ui.view.PlayerSlideListener,"onPanelSlide/2[com.kunminx.puremusic.ui.view.View,float]",mModeStartX,1
C:\Jetpack-MVVM-Best-Practice-master\app\src\main\java\com\kunminx\puremusic\ui\view\PlayerSlideListener.java,com.kunminx.puremusic.ui.view.PlayerSlideListener,"onPanelSlide/2[com.kunminx.puremusic.ui.view.View,float]",mModeEndX,1
C:\Jetpack-MVVM-Best-Practice-master\app\src\main\java\com\kunminx\puremusic\ui\view\PlayerSlideListener.java,com.kunminx.puremusic.ui.view.PlayerSlideListener,"onPanelSlide/2[com.kunminx.puremusic.ui.view.View,float]",NOW_PLAYING_CARD_COLOR,1
C:\Jetpack-MVVM-Best-Practice-master\app\src\main\java\com\kunminx\puremusic\ui\view\PlayerSlideListener.java,com.kunminx.puremusic.ui.view.PlayerSlideListener,"onPanelSlide/2[com.kunminx.puremusic.ui.view.View,float]",mIconContainerStartY,1
C:\Jetpack-MVVM-Best-Practice-master\app\src\main\java\com\kunminx\puremusic\ui\view\PlayerSlideListener.java,com.kunminx.puremusic.ui.view.PlayerSlideListener,"onPanelSlide/2[com.kunminx.puremusic.ui.view.View,float]",INT_EVALUATOR,8
C:\Jetpack-MVVM-Best-Practice-master\app\src\main\java\com\kunminx\puremusic\ui\view\PlayerSlideListener.java,com.kunminx.puremusic.ui.view.PlayerSlideListener,"onPanelSlide/2[com.kunminx.puremusic.ui.view.View,float]",COLOR_EVALUATOR,1
C:\Jetpack-MVVM-Best-Practice-master\app\src\main\java\com\kunminx\puremusic\ui\view\PlayerSlideListener.java,com.kunminx.puremusic.ui.view.PlayerSlideListener,"onPanelSlide/2[com.kunminx.puremusic.ui.view.View,float]",mPreviousStartX,1
C:\Jetpack-MVVM-Best-Practice-master\app\src\main\java\com\kunminx\puremusic\ui\view\PlayerSlideListener.java,com.kunminx.puremusic.ui.view.PlayerSlideListener,"onPanelSlide/2[com.kunminx.puremusic.ui.view.View,float]",mPreviousEndX,1
C:\Jetpack-MVVM-Best-Practice-master\app\src\main\java\com\kunminx\puremusic\ui\view\PlayerSlideListener.java,com.kunminx.puremusic.ui.view.PlayerSlideListener,"onPanelSlide/2[com.kunminx.puremusic.ui.view.View,float]",mPlayPauseStartX,1
C:\Jetpack-MVVM-Best-Practice-master\app\src\main\java\com\kunminx\puremusic\ui\view\PlayerSlideListener.java,com.kunminx.puremusic.ui.view.PlayerSlideListener,"onPanelSlide/2[com.kunminx.puremusic.ui.view.View,float]",SCREEN_WIDTH,1
C:\Jetpack-MVVM-Best-Practice-master\app\src\main\java\com\kunminx\puremusic\ui\view\PlayerSlideListener.java,com.kunminx.puremusic.ui.view.PlayerSlideListener,"onPanelSlide/2[com.kunminx.puremusic.ui.view.View,float]",FLOAT_EVALUATOR,6
C:\Jetpack-MVVM-Best-Practice-master\app\src\main\java\com\kunminx\puremusic\ui\view\PlayerSlideListener.java,com.kunminx.puremusic.ui.view.PlayerSlideListener,"onPanelSlide/2[com.kunminx.puremusic.ui.view.View,float]",mTitleEndTranslationX,1
C:\Jetpack-MVVM-Best-Practice-master\app\src\main\java\com\kunminx\puremusic\ui\view\PlayerSlideListener.java,com.kunminx.puremusic.ui.view.PlayerSlideListener,"onPanelSlide/2[com.kunminx.puremusic.ui.view.View,float]",mBinding,1
C:\Jetpack-MVVM-Best-Practice-master\app\src\main\java\com\kunminx\puremusic\ui\view\PlayerSlideListener.java,com.kunminx.puremusic.ui.view.PlayerSlideListener,"onPanelSlide/2[com.kunminx.puremusic.ui.view.View,float]",mPlayPauseEndX,1
C:\Jetpack-MVVM-Best-Practice-master\app\src\main\java\com\kunminx\puremusic\ui\view\PlayerSlideListener.java,com.kunminx.puremusic.ui.view.PlayerSlideListener,"onPanelSlide/2[com.kunminx.puremusic.ui.view.View,float]",mPlayQueueStartX,1
C:\Jetpack-MVVM-Best-Practice-master\app\src\main\java\com\kunminx\puremusic\ui\view\PlayerSlideListener.java,com.kunminx.puremusic.ui.view.PlayerSlideListener,"PlayerSlideListener/3[com.kunminx.puremusic.ui.view.FragmentPlayerBinding,com.kunminx.puremusic.ui.view.PlayerSlideListener.SlideAnimatorStates,com.kunminx.puremusic.ui.view.SlidingUpPanelLayout]",PLAY_PAUSE_DRAWABLE_COLOR,2
C:\Jetpack-MVVM-Best-Practice-master\app\src\main\java\com\kunminx\puremusic\ui\view\PlayerSlideListener.java,com.kunminx.puremusic.ui.view.PlayerSlideListener,"PlayerSlideListener/3[com.kunminx.puremusic.ui.view.FragmentPlayerBinding,com.kunminx.puremusic.ui.view.PlayerSlideListener.SlideAnimatorStates,com.kunminx.puremusic.ui.view.SlidingUpPanelLayout]",mNextEndX,2
C:\Jetpack-MVVM-Best-Practice-master\app\src\main\java\com\kunminx\puremusic\ui\view\PlayerSlideListener.java,com.kunminx.puremusic.ui.view.PlayerSlideListener,"PlayerSlideListener/3[com.kunminx.puremusic.ui.view.FragmentPlayerBinding,com.kunminx.puremusic.ui.view.PlayerSlideListener.SlideAnimatorStates,com.kunminx.puremusic.ui.view.SlidingUpPanelLayout]",mIconContainerEndY,1
C:\Jetpack-MVVM-Best-Practice-master\app\src\main\java\com\kunminx\puremusic\ui\view\PlayerSlideListener.java,com.kunminx.puremusic.ui.view.PlayerSlideListener,"PlayerSlideListener/3[com.kunminx.puremusic.ui.view.FragmentPlayerBinding,com.kunminx.puremusic.ui.view.PlayerSlideListener.SlideAnimatorStates,com.kunminx.puremusic.ui.view.SlidingUpPanelLayout]",mPlayQueueEndX,1
C:\Jetpack-MVVM-Best-Practice-master\app\src\main\java\com\kunminx\puremusic\ui\view\PlayerSlideListener.java,com.kunminx.puremusic.ui.view.PlayerSlideListener,"PlayerSlideListener/3[com.kunminx.puremusic.ui.view.FragmentPlayerBinding,com.kunminx.puremusic.ui.view.PlayerSlideListener.SlideAnimatorStates,com.kunminx.puremusic.ui.view.SlidingUpPanelLayout]",mNextStartX,2
C:\Jetpack-MVVM-Best-Practice-master\app\src\main\java\com\kunminx\puremusic\ui\view\PlayerSlideListener.java,com.kunminx.puremusic.ui.view.PlayerSlideListener,"PlayerSlideListener/3[com.kunminx.puremusic.ui.view.FragmentPlayerBinding,com.kunminx.puremusic.ui.view.PlayerSlideListener.SlideAnimatorStates,com.kunminx.puremusic.ui.view.SlidingUpPanelLayout]",mModeStartX,1
C:\Jetpack-MVVM-Best-Practice-master\app\src\main\java\com\kunminx\puremusic\ui\view\PlayerSlideListener.java,com.kunminx.puremusic.ui.view.PlayerSlideListener,"PlayerSlideListener/3[com.kunminx.puremusic.ui.view.FragmentPlayerBinding,com.kunminx.puremusic.ui.view.PlayerSlideListener.SlideAnimatorStates,com.kunminx.puremusic.ui.view.SlidingUpPanelLayout]",mModeEndX,1
C:\Jetpack-MVVM-Best-Practice-master\app\src\main\java\com\kunminx\puremusic\ui\view\PlayerSlideListener.java,com.kunminx.puremusic.ui.view.PlayerSlideListener,"PlayerSlideListener/3[com.kunminx.puremusic.ui.view.FragmentPlayerBinding,com.kunminx.puremusic.ui.view.PlayerSlideListener.SlideAnimatorStates,com.kunminx.puremusic.ui.view.SlidingUpPanelLayout]",NOW_PLAYING_CARD_COLOR,1
C:\Jetpack-MVVM-Best-Practice-master\app\src\main\java\com\kunminx\puremusic\ui\view\PlayerSlideListener.java,com.kunminx.puremusic.ui.view.PlayerSlideListener,"PlayerSlideListener/3[com.kunminx.puremusic.ui.view.FragmentPlayerBinding,com.kunminx.puremusic.ui.view.PlayerSlideListener.SlideAnimatorStates,com.kunminx.puremusic.ui.view.SlidingUpPanelLayout]",mIconContainerStartY,2
C:\Jetpack-MVVM-Best-Practice-master\app\src\main\java\com\kunminx\puremusic\ui\view\PlayerSlideListener.java,com.kunminx.puremusic.ui.view.PlayerSlideListener,"PlayerSlideListener/3[com.kunminx.puremusic.ui.view.FragmentPlayerBinding,com.kunminx.puremusic.ui.view.PlayerSlideListener.SlideAnimatorStates,com.kunminx.puremusic.ui.view.SlidingUpPanelLayout]",INT_EVALUATOR,1
C:\Jetpack-MVVM-Best-Practice-master\app\src\main\java\com\kunminx\puremusic\ui\view\PlayerSlideListener.java,com.kunminx.puremusic.ui.view.PlayerSlideListener,"PlayerSlideListener/3[com.kunminx.puremusic.ui.view.FragmentPlayerBinding,com.kunminx.puremusic.ui.view.PlayerSlideListener.SlideAnimatorStates,com.kunminx.puremusic.ui.view.SlidingUpPanelLayout]",mPreviousStartX,1
C:\Jetpack-MVVM-Best-Practice-master\app\src\main\java\com\kunminx\puremusic\ui\view\PlayerSlideListener.java,com.kunminx.puremusic.ui.view.PlayerSlideListener,"PlayerSlideListener/3[com.kunminx.puremusic.ui.view.FragmentPlayerBinding,com.kunminx.puremusic.ui.view.PlayerSlideListener.SlideAnimatorStates,com.kunminx.puremusic.ui.view.SlidingUpPanelLayout]",mPreviousEndX,2
C:\Jetpack-MVVM-Best-Practice-master\app\src\main\java\com\kunminx\puremusic\ui\view\PlayerSlideListener.java,com.kunminx.puremusic.ui.view.PlayerSlideListener,"PlayerSlideListener/3[com.kunminx.puremusic.ui.view.FragmentPlayerBinding,com.kunminx.puremusic.ui.view.PlayerSlideListener.SlideAnimatorStates,com.kunminx.puremusic.ui.view.SlidingUpPanelLayout]",mSlidingUpPanelLayout,1
C:\Jetpack-MVVM-Best-Practice-master\app\src\main\java\com\kunminx\puremusic\ui\view\PlayerSlideListener.java,com.kunminx.puremusic.ui.view.PlayerSlideListener,"PlayerSlideListener/3[com.kunminx.puremusic.ui.view.FragmentPlayerBinding,com.kunminx.puremusic.ui.view.PlayerSlideListener.SlideAnimatorStates,com.kunminx.puremusic.ui.view.SlidingUpPanelLayout]",SCREEN_HEIGHT,2
C:\Jetpack-MVVM-Best-Practice-master\app\src\main\java\com\kunminx\puremusic\ui\view\PlayerSlideListener.java,com.kunminx.puremusic.ui.view.PlayerSlideListener,"PlayerSlideListener/3[com.kunminx.puremusic.ui.view.FragmentPlayerBinding,com.kunminx.puremusic.ui.view.PlayerSlideListener.SlideAnimatorStates,com.kunminx.puremusic.ui.view.SlidingUpPanelLayout]",mStates,1
C:\Jetpack-MVVM-Best-Practice-master\app\src\main\java\com\kunminx\puremusic\ui\view\PlayerSlideListener.java,com.kunminx.puremusic.ui.view.PlayerSlideListener,"PlayerSlideListener/3[com.kunminx.puremusic.ui.view.FragmentPlayerBinding,com.kunminx.puremusic.ui.view.PlayerSlideListener.SlideAnimatorStates,com.kunminx.puremusic.ui.view.SlidingUpPanelLayout]",mPlayPauseStartX,2
C:\Jetpack-MVVM-Best-Practice-master\app\src\main\java\com\kunminx\puremusic\ui\view\PlayerSlideListener.java,com.kunminx.puremusic.ui.view.PlayerSlideListener,"PlayerSlideListener/3[com.kunminx.puremusic.ui.view.FragmentPlayerBinding,com.kunminx.puremusic.ui.view.PlayerSlideListener.SlideAnimatorStates,com.kunminx.puremusic.ui.view.SlidingUpPanelLayout]",SCREEN_WIDTH,3
C:\Jetpack-MVVM-Best-Practice-master\app\src\main\java\com\kunminx\puremusic\ui\view\PlayerSlideListener.java,com.kunminx.puremusic.ui.view.PlayerSlideListener,"PlayerSlideListener/3[com.kunminx.puremusic.ui.view.FragmentPlayerBinding,com.kunminx.puremusic.ui.view.PlayerSlideListener.SlideAnimatorStates,com.kunminx.puremusic.ui.view.SlidingUpPanelLayout]",mBinding,2
C:\Jetpack-MVVM-Best-Practice-master\app\src\main\java\com\kunminx\puremusic\ui\view\PlayerSlideListener.java,com.kunminx.puremusic.ui.view.PlayerSlideListener,"PlayerSlideListener/3[com.kunminx.puremusic.ui.view.FragmentPlayerBinding,com.kunminx.puremusic.ui.view.PlayerSlideListener.SlideAnimatorStates,com.kunminx.puremusic.ui.view.SlidingUpPanelLayout]",mPlayPauseEndX,3
C:\Jetpack-MVVM-Best-Practice-master\app\src\main\java\com\kunminx\puremusic\ui\view\PlayerSlideListener.java,com.kunminx.puremusic.ui.view.PlayerSlideListener,"PlayerSlideListener/3[com.kunminx.puremusic.ui.view.FragmentPlayerBinding,com.kunminx.puremusic.ui.view.PlayerSlideListener.SlideAnimatorStates,com.kunminx.puremusic.ui.view.SlidingUpPanelLayout]",mPlayQueueStartX,1
C:\Jetpack-MVVM-Best-Practice-master\app\src\main\java\com\kunminx\puremusic\ui\view\PlayerSlideListener.java,com.kunminx.puremusic.ui.view.PlayerSlideListener,calculateTitleAndArtist/0,mContentNormalEndTranslationY,1
C:\Jetpack-MVVM-Best-Practice-master\app\src\main\java\com\kunminx\puremusic\ui\view\PlayerSlideListener.java,com.kunminx.puremusic.ui.view.PlayerSlideListener,calculateTitleAndArtist/0,mArtistNormalEndTranslationY,1
C:\Jetpack-MVVM-Best-Practice-master\app\src\main\java\com\kunminx\puremusic\ui\view\PlayerSlideListener.java,com.kunminx.puremusic.ui.view.PlayerSlideListener,calculateTitleAndArtist/0,mArtistEndTranslationX,2
C:\Jetpack-MVVM-Best-Practice-master\app\src\main\java\com\kunminx\puremusic\ui\view\PlayerSlideListener.java,com.kunminx.puremusic.ui.view.PlayerSlideListener,calculateTitleAndArtist/0,mStatus,2
C:\Jetpack-MVVM-Best-Practice-master\app\src\main\java\com\kunminx\puremusic\ui\view\PlayerSlideListener.java,com.kunminx.puremusic.ui.view.PlayerSlideListener,calculateTitleAndArtist/0,SCREEN_WIDTH,3
C:\Jetpack-MVVM-Best-Practice-master\app\src\main\java\com\kunminx\puremusic\ui\view\PlayerSlideListener.java,com.kunminx.puremusic.ui.view.PlayerSlideListener,calculateTitleAndArtist/0,mTitleEndTranslationX,2
C:\Jetpack-MVVM-Best-Practice-master\app\src\main\java\com\kunminx\puremusic\domain\message\DrawerCoordinateManager.java,com.kunminx.puremusic.domain.message.DrawerCoordinateManager,getInstance/0,S_HELPER,1
C:\Jetpack-MVVM-Best-Practice-master\app\src\main\java\com\kunminx\puremusic\domain\message\DrawerCoordinateManager.java,com.kunminx.puremusic.domain.message.DrawerCoordinateManager,isEnableSwipeDrawer/0,enableSwipeDrawer,1
C:\Jetpack-MVVM-Best-Practice-master\app\src\main\java\com\kunminx\puremusic\domain\message\DrawerCoordinateManager.java,com.kunminx.puremusic.domain.message.DrawerCoordinateManager,isNoneSecondaryPage/0,tagOfSecondaryPages,1
C:\Jetpack-MVVM-Best-Practice-master\app\src\main\java\com\kunminx\puremusic\domain\message\DrawerCoordinateManager.java,com.kunminx.puremusic.domain.message.DrawerCoordinateManager,onCreate/1[com.kunminx.puremusic.domain.message.LifecycleOwner],enableSwipeDrawer,1
C:\Jetpack-MVVM-Best-Practice-master\app\src\main\java\com\kunminx\puremusic\domain\message\DrawerCoordinateManager.java,com.kunminx.puremusic.domain.message.DrawerCoordinateManager,onCreate/1[com.kunminx.puremusic.domain.message.LifecycleOwner],tagOfSecondaryPages,1
C:\Jetpack-MVVM-Best-Practice-master\app\src\main\java\com\kunminx\puremusic\domain\message\DrawerCoordinateManager.java,com.kunminx.puremusic.domain.message.DrawerCoordinateManager,onDestroy/1[com.kunminx.puremusic.domain.message.LifecycleOwner],enableSwipeDrawer,1
C:\Jetpack-MVVM-Best-Practice-master\app\src\main\java\com\kunminx\puremusic\domain\message\DrawerCoordinateManager.java,com.kunminx.puremusic.domain.message.DrawerCoordinateManager,onDestroy/1[com.kunminx.puremusic.domain.message.LifecycleOwner],tagOfSecondaryPages,1
C:\Jetpack-MVVM-Best-Practice-master\app\src\main\java\com\kunminx\puremusic\domain\message\DrawerCoordinateManager.java,com.kunminx.puremusic.domain.message.DrawerCoordinateManager,"requestToUpdateDrawerMode/2[boolean,java.lang.String]",enableSwipeDrawer,1
C:\Jetpack-MVVM-Best-Practice-master\app\src\main\java\com\kunminx\puremusic\domain\message\DrawerCoordinateManager.java,com.kunminx.puremusic.domain.message.DrawerCoordinateManager,"requestToUpdateDrawerMode/2[boolean,java.lang.String]",tagOfSecondaryPages,2
C:\Jetpack-MVVM-Best-Practice-master\app\src\main\java\com\kunminx\puremusic\data\bean\TestAlbum.java,com.kunminx.puremusic.data.bean.TestAlbum$TestMusic,getSongMid/0,songMid,1
C:\Jetpack-MVVM-Best-Practice-master\app\src\main\java\com\kunminx\puremusic\ui\page\adapter\DiffUtils.java,com.kunminx.puremusic.ui.page.adapter.DiffUtils,getInstance/0,S_DIFF_UTILS,1
C:\Jetpack-MVVM-Best-Practice-master\app\src\main\java\com\kunminx\puremusic\domain\usecase\CanBeStoppedUseCase.java,com.kunminx.puremusic.domain.usecase.CanBeStoppedUseCase$ResponseValue,ResponseValue/1[com.kunminx.architecture.data.response.DataResult<com.kunminx.puremusic.data.bean.DownloadState>],mDataResult,1
C:\Jetpack-MVVM-Best-Practice-master\app\src\main\java\com\kunminx\puremusic\domain\usecase\CanBeStoppedUseCase.java,com.kunminx.puremusic.domain.usecase.CanBeStoppedUseCase$ResponseValue,getDataResult/0,mDataResult,1
C:\Jetpack-MVVM-Best-Practice-master\architecture\src\main\java\com\kunminx\architecture\utils\AdaptScreenUtils.java,com.kunminx.architecture.utils.AdaptScreenUtils,getMiuiTmpMetrics/1[com.kunminx.architecture.utils.Resources],mTmpMetricsField,5
C:\Jetpack-MVVM-Best-Practice-master\architecture\src\main\java\com\kunminx\architecture\utils\AdaptScreenUtils.java,com.kunminx.architecture.utils.AdaptScreenUtils,getMiuiTmpMetrics/1[com.kunminx.architecture.utils.Resources],isInitMiui,2
C:\Jetpack-MVVM-Best-Practice-master\architecture\src\main\java\com\kunminx\architecture\utils\ClickUtils.java,com.kunminx.architecture.utils.ClickUtils,"applySingleDebouncing/2[com.kunminx.architecture.utils.View[],View.OnClickListener]",DEBOUNCING_DEFAULT_VALUE,1
C:\Jetpack-MVVM-Best-Practice-master\architecture\src\main\java\com\kunminx\architecture\utils\BarUtils.java,com.kunminx.architecture.utils.BarUtils,subtractMarginTopEqualStatusBarHeight/1[com.kunminx.architecture.utils.View],KEY_OFFSET,2
C:\Jetpack-MVVM-Best-Practice-master\architecture\src\main\java\com\kunminx\architecture\utils\BarUtils.java,com.kunminx.architecture.utils.BarUtils,"createStatusBarView/2[com.kunminx.architecture.utils.AppCompatActivity,int]",TAG_STATUS_BAR,1
C:\Jetpack-MVVM-Best-Practice-master\architecture\src\main\java\com\kunminx\architecture\utils\BarUtils.java,com.kunminx.architecture.utils.BarUtils,addMarginTopEqualStatusBarHeight/1[com.kunminx.architecture.utils.Window],TAG_OFFSET,1
C:\Jetpack-MVVM-Best-Practice-master\architecture\src\main\java\com\kunminx\architecture\utils\BarUtils.java,com.kunminx.architecture.utils.BarUtils,"applyStatusBarColor/3[com.kunminx.architecture.utils.AppCompatActivity,int,boolean]",TAG_STATUS_BAR,1
C:\Jetpack-MVVM-Best-Practice-master\architecture\src\main\java\com\kunminx\architecture\utils\BarUtils.java,com.kunminx.architecture.utils.BarUtils,addMarginTopEqualStatusBarHeight/1[com.kunminx.architecture.utils.View],KEY_OFFSET,2
C:\Jetpack-MVVM-Best-Practice-master\architecture\src\main\java\com\kunminx\architecture\utils\BarUtils.java,com.kunminx.architecture.utils.BarUtils,addMarginTopEqualStatusBarHeight/1[com.kunminx.architecture.utils.View],TAG_OFFSET,1
C:\Jetpack-MVVM-Best-Practice-master\architecture\src\main\java\com\kunminx\architecture\utils\BarUtils.java,com.kunminx.architecture.utils.BarUtils,hideStatusBarView/1[com.kunminx.architecture.utils.Window],TAG_STATUS_BAR,1
C:\Jetpack-MVVM-Best-Practice-master\architecture\src\main\java\com\kunminx\architecture\utils\BarUtils.java,com.kunminx.architecture.utils.BarUtils,subtractMarginTopEqualStatusBarHeight/1[com.kunminx.architecture.utils.Window],TAG_OFFSET,1
C:\Jetpack-MVVM-Best-Practice-master\architecture\src\main\java\com\kunminx\architecture\utils\BarUtils.java,com.kunminx.architecture.utils.BarUtils,showStatusBarView/1[com.kunminx.architecture.utils.Window],TAG_STATUS_BAR,1
C:\Jetpack-MVVM-Best-Practice-master\architecture\src\main\java\com\kunminx\architecture\data\response\manager\NetworkStateManager.java,com.kunminx.architecture.data.response.manager.NetworkStateManager,getInstance/0,S_MANAGER,1
C:\Jetpack-MVVM-Best-Practice-master\architecture\src\main\java\com\kunminx\architecture\data\response\manager\NetworkStateManager.java,com.kunminx.architecture.data.response.manager.NetworkStateManager,onPause/1[com.kunminx.architecture.data.response.manager.LifecycleOwner],mNetworkStateReceive,1
C:\Jetpack-MVVM-Best-Practice-master\architecture\src\main\java\com\kunminx\architecture\data\response\manager\NetworkStateManager.java,com.kunminx.architecture.data.response.manager.NetworkStateManager,onResume/1[com.kunminx.architecture.data.response.manager.LifecycleOwner],mNetworkStateReceive,1
C:\Jetpack-MVVM-Best-Practice-master\app\src\main\java\com\kunminx\puremusic\ui\page\DrawerFragment.java,com.kunminx.puremusic.ui.page.DrawerFragment,initViewModel/0,mStates,1
C:\Jetpack-MVVM-Best-Practice-master\app\src\main\java\com\kunminx\puremusic\ui\page\DrawerFragment.java,com.kunminx.puremusic.ui.page.DrawerFragment,initViewModel/0,mInfoRequester,1
C:\Jetpack-MVVM-Best-Practice-master\app\src\main\java\com\kunminx\puremusic\ui\page\DrawerFragment.java,com.kunminx.puremusic.ui.page.DrawerFragment,"onViewCreated/2[com.kunminx.puremusic.ui.page.View,com.kunminx.puremusic.ui.page.Bundle]",mInfoRequester,2
C:\Jetpack-MVVM-Best-Practice-master\app\src\main\java\com\kunminx\puremusic\ui\page\DrawerFragment.java,com.kunminx.puremusic.ui.page.DrawerFragment,getDataBindingConfig/0,mStates,1
C:\Jetpack-MVVM-Best-Practice-master\architecture\src\main\java\com\kunminx\architecture\utils\Utils.java,com.kunminx.architecture.utils.Utils$ActivityLifecycleImpl,getTopActivity/0,mActivityList,2
C:\Jetpack-MVVM-Best-Practice-master\architecture\src\main\java\com\kunminx\architecture\utils\Utils.java,com.kunminx.architecture.utils.Utils$ActivityLifecycleImpl,onActivityStopped/1[com.kunminx.architecture.utils.Activity],mForegroundCount,2
C:\Jetpack-MVVM-Best-Practice-master\architecture\src\main\java\com\kunminx\architecture\utils\Utils.java,com.kunminx.architecture.utils.Utils$ActivityLifecycleImpl,onActivityStopped/1[com.kunminx.architecture.utils.Activity],mConfigCount,1
C:\Jetpack-MVVM-Best-Practice-master\architecture\src\main\java\com\kunminx\architecture\utils\Utils.java,com.kunminx.architecture.utils.Utils$ActivityLifecycleImpl,onActivityStopped/1[com.kunminx.architecture.utils.Activity],mIsBackground,1
C:\Jetpack-MVVM-Best-Practice-master\architecture\src\main\java\com\kunminx\architecture\utils\Utils.java,com.kunminx.architecture.utils.Utils$ActivityLifecycleImpl,removeOnAppStatusChangedListener/1[java.lang.Object],mStatusListenerMap,1
C:\Jetpack-MVVM-Best-Practice-master\architecture\src\main\java\com\kunminx\architecture\utils\Utils.java,com.kunminx.architecture.utils.Utils$ActivityLifecycleImpl,consumeOnActivityDestroyedListener/1[com.kunminx.architecture.utils.Activity],mDestroyedListenerMap,1
C:\Jetpack-MVVM-Best-Practice-master\architecture\src\main\java\com\kunminx\architecture\utils\Utils.java,com.kunminx.architecture.utils.Utils$ActivityLifecycleImpl,removeOnActivityDestroyedListener/1[com.kunminx.architecture.utils.Activity],mDestroyedListenerMap,1
C:\Jetpack-MVVM-Best-Practice-master\architecture\src\main\java\com\kunminx\architecture\utils\Utils.java,com.kunminx.architecture.utils.Utils$ActivityLifecycleImpl,"addOnAppStatusChangedListener/2[java.lang.Object,com.kunminx.architecture.utils.Utils.OnAppStatusChangedListener]",mStatusListenerMap,1
C:\Jetpack-MVVM-Best-Practice-master\architecture\src\main\java\com\kunminx\architecture\utils\Utils.java,com.kunminx.architecture.utils.Utils$ActivityLifecycleImpl,postStatus/1[boolean],mStatusListenerMap,2
C:\Jetpack-MVVM-Best-Practice-master\architecture\src\main\java\com\kunminx\architecture\utils\Utils.java,com.kunminx.architecture.utils.Utils$ActivityLifecycleImpl,onActivityResumed/1[com.kunminx.architecture.utils.Activity],mIsBackground,2
C:\Jetpack-MVVM-Best-Practice-master\architecture\src\main\java\com\kunminx\architecture\utils\Utils.java,com.kunminx.architecture.utils.Utils$ActivityLifecycleImpl,"addOnActivityDestroyedListener/2[com.kunminx.architecture.utils.Activity,com.kunminx.architecture.utils.Utils.OnActivityDestroyedListener]",mDestroyedListenerMap,3
C:\Jetpack-MVVM-Best-Practice-master\architecture\src\main\java\com\kunminx\architecture\utils\Utils.java,com.kunminx.architecture.utils.Utils$ActivityLifecycleImpl,setTopActivity/1[com.kunminx.architecture.utils.Activity],mActivityList,5
C:\Jetpack-MVVM-Best-Practice-master\architecture\src\main\java\com\kunminx\architecture\utils\Utils.java,com.kunminx.architecture.utils.Utils$ActivityLifecycleImpl,onActivityDestroyed/1[com.kunminx.architecture.utils.Activity],mActivityList,1
C:\Jetpack-MVVM-Best-Practice-master\architecture\src\main\java\com\kunminx\architecture\utils\Utils.java,com.kunminx.architecture.utils.Utils$ActivityLifecycleImpl,onActivityStarted/1[com.kunminx.architecture.utils.Activity],mForegroundCount,1
C:\Jetpack-MVVM-Best-Practice-master\architecture\src\main\java\com\kunminx\architecture\utils\Utils.java,com.kunminx.architecture.utils.Utils$ActivityLifecycleImpl,onActivityStarted/1[com.kunminx.architecture.utils.Activity],mConfigCount,2
C:\Jetpack-MVVM-Best-Practice-master\architecture\src\main\java\com\kunminx\architecture\utils\Utils.java,com.kunminx.architecture.utils.Utils$ActivityLifecycleImpl,onActivityStarted/1[com.kunminx.architecture.utils.Activity],mIsBackground,1
C:\Jetpack-MVVM-Best-Practice-master\app\src\main\java\com\kunminx\puremusic\data\repository\DataRepository.java,com.kunminx.puremusic.data.repository.DataRepository,cancelLogin/0,mUserCall,4
C:\Jetpack-MVVM-Best-Practice-master\app\src\main\java\com\kunminx\puremusic\data\repository\DataRepository.java,com.kunminx.puremusic.data.repository.DataRepository,"login/2[com.kunminx.puremusic.data.bean.User,com.kunminx.architecture.data.response.DataResult.Result<java.lang.String>]",retrofit,1
C:\Jetpack-MVVM-Best-Practice-master\app\src\main\java\com\kunminx\puremusic\data\repository\DataRepository.java,com.kunminx.puremusic.data.repository.DataRepository,"login/2[com.kunminx.puremusic.data.bean.User,com.kunminx.architecture.data.response.DataResult.Result<java.lang.String>]",mUserCall,2
C:\Jetpack-MVVM-Best-Practice-master\app\src\main\java\com\kunminx\puremusic\data\repository\DataRepository.java,com.kunminx.puremusic.data.repository.DataRepository,getInstance/0,S_REQUEST_MANAGER,1
C:\Jetpack-MVVM-Best-Practice-master\app\src\main\java\com\kunminx\puremusic\domain\event\Messages.java,com.kunminx.puremusic.domain.event.Messages,Messages/1[int],eventId,3
C:\Jetpack-MVVM-Best-Practice-master\app\src\main\java\com\kunminx\puremusic\domain\request\InfoRequester.java,com.kunminx.puremusic.domain.request.InfoRequester,getLibraryResult/0,mLibraryResult,1
C:\Jetpack-MVVM-Best-Practice-master\app\src\main\java\com\kunminx\puremusic\domain\request\InfoRequester.java,com.kunminx.puremusic.domain.request.InfoRequester,requestLibraryInfo/0,mLibraryResult,2
C:\Jetpack-MVVM-Best-Practice-master\app\src\main\java\com\kunminx\puremusic\ui\widget\PlayerService.java,com.kunminx.puremusic.ui.widget.PlayerService,"requestAlbumCover/2[java.lang.String,java.lang.String]",mDownloadUseCase,3
C:\Jetpack-MVVM-Best-Practice-master\app\src\main\java\com\kunminx\puremusic\ui\widget\PlayerService.java,com.kunminx.puremusic.ui.widget.PlayerService,createNotification/1[com.kunminx.puremusic.data.bean.TestAlbum.TestMusic],CHANNEL_ID,2
C:\Jetpack-MVVM-Best-Practice-master\app\src\main\java\com\kunminx\puremusic\ui\widget\PlayerService.java,com.kunminx.puremusic.ui.widget.PlayerService,createNotification/1[com.kunminx.puremusic.data.bean.TestAlbum.TestMusic],GROUP_ID,2
C:\Jetpack-MVVM-Best-Practice-master\app\src\main\java\com\kunminx\puremusic\ui\widget\PlayerService.java,com.kunminx.puremusic.ui.widget.PlayerService,setListeners/1[com.kunminx.puremusic.ui.widget.RemoteViews],NOTIFY_PREVIOUS,1
C:\Jetpack-MVVM-Best-Practice-master\app\src\main\java\com\kunminx\puremusic\ui\widget\PlayerService.java,com.kunminx.puremusic.ui.widget.PlayerService,setListeners/1[com.kunminx.puremusic.ui.widget.RemoteViews],NOTIFY_NEXT,1
C:\Jetpack-MVVM-Best-Practice-master\app\src\main\java\com\kunminx\puremusic\ui\widget\PlayerService.java,com.kunminx.puremusic.ui.widget.PlayerService,setListeners/1[com.kunminx.puremusic.ui.widget.RemoteViews],NOTIFY_PLAY,1
C:\Jetpack-MVVM-Best-Practice-master\app\src\main\java\com\kunminx\puremusic\ui\widget\PlayerService.java,com.kunminx.puremusic.ui.widget.PlayerService,setListeners/1[com.kunminx.puremusic.ui.widget.RemoteViews],NOTIFY_CLOSE,1
C:\Jetpack-MVVM-Best-Practice-master\app\src\main\java\com\kunminx\puremusic\ui\widget\PlayerService.java,com.kunminx.puremusic.ui.widget.PlayerService,setListeners/1[com.kunminx.puremusic.ui.widget.RemoteViews],NOTIFY_PAUSE,1
C:\Jetpack-MVVM-Best-Practice-master\architecture\src\main\java\com\kunminx\architecture\utils\ClickUtils.java,com.kunminx.architecture.utils.ClickUtils$OnDebouncingClickListener,onClick/1[com.kunminx.architecture.utils.View],mDuration,2
C:\Jetpack-MVVM-Best-Practice-master\architecture\src\main\java\com\kunminx\architecture\utils\ClickUtils.java,com.kunminx.architecture.utils.ClickUtils$OnDebouncingClickListener,onClick/1[com.kunminx.architecture.utils.View],ENABLE_AGAIN,1
C:\Jetpack-MVVM-Best-Practice-master\architecture\src\main\java\com\kunminx\architecture\utils\ClickUtils.java,com.kunminx.architecture.utils.ClickUtils$OnDebouncingClickListener,onClick/1[com.kunminx.architecture.utils.View],mIsGlobal,1
C:\Jetpack-MVVM-Best-Practice-master\architecture\src\main\java\com\kunminx\architecture\utils\ClickUtils.java,com.kunminx.architecture.utils.ClickUtils$OnDebouncingClickListener,onClick/1[com.kunminx.architecture.utils.View],mEnabled,2
C:\Jetpack-MVVM-Best-Practice-master\architecture\src\main\java\com\kunminx\architecture\utils\ClickUtils.java,com.kunminx.architecture.utils.ClickUtils$OnDebouncingClickListener,"OnDebouncingClickListener/2[boolean,long]",mDuration,1
C:\Jetpack-MVVM-Best-Practice-master\architecture\src\main\java\com\kunminx\architecture\utils\ClickUtils.java,com.kunminx.architecture.utils.ClickUtils$OnDebouncingClickListener,"OnDebouncingClickListener/2[boolean,long]",mIsGlobal,1
C:\Jetpack-MVVM-Best-Practice-master\architecture\src\main\java\com\kunminx\architecture\utils\Utils.java,com.kunminx.architecture.utils.Utils,init/1[com.kunminx.architecture.utils.Application],ACTIVITY_LIFECYCLE,3
C:\Jetpack-MVVM-Best-Practice-master\architecture\src\main\java\com\kunminx\architecture\utils\Utils.java,com.kunminx.architecture.utils.Utils,init/1[com.kunminx.architecture.utils.Application],sApplication,8
C:\Jetpack-MVVM-Best-Practice-master\architecture\src\main\java\com\kunminx\architecture\utils\Utils.java,com.kunminx.architecture.utils.Utils,getApp/0,sApplication,2
C:\Jetpack-MVVM-Best-Practice-master\app\src\main\java\com\kunminx\puremusic\domain\event\DownloadEvent.java,com.kunminx.puremusic.domain.event.DownloadEvent,"DownloadEvent/2[int,com.kunminx.puremusic.data.bean.DownloadState]",eventId,3
C:\Jetpack-MVVM-Best-Practice-master\app\src\main\java\com\kunminx\puremusic\domain\event\DownloadEvent.java,com.kunminx.puremusic.domain.event.DownloadEvent,"DownloadEvent/2[int,com.kunminx.puremusic.data.bean.DownloadState]",downloadState,3
C:\Jetpack-MVVM-Best-Practice-master\app\src\main\java\com\kunminx\puremusic\domain\event\DownloadEvent.java,com.kunminx.puremusic.domain.event.DownloadEvent,DownloadEvent/1[int],eventId,3
C:\Jetpack-MVVM-Best-Practice-master\app\src\main\java\com\kunminx\puremusic\domain\event\DownloadEvent.java,com.kunminx.puremusic.domain.event.DownloadEvent,DownloadEvent/1[int],downloadState,1
C:\Jetpack-MVVM-Best-Practice-master\app\src\main\java\com\kunminx\puremusic\domain\event\DownloadEvent.java,com.kunminx.puremusic.domain.event.DownloadEvent,copy/1[com.kunminx.puremusic.data.bean.DownloadState],eventId,1
C:\Jetpack-MVVM-Best-Practice-master\app\src\main\java\com\kunminx\puremusic\domain\event\DownloadEvent.java,com.kunminx.puremusic.domain.event.DownloadEvent,copy/1[com.kunminx.puremusic.data.bean.DownloadState],downloadState,2
C:\Jetpack-MVVM-Best-Practice-master\app\src\main\java\com\kunminx\puremusic\data\bean\LibraryInfo.java,com.kunminx.puremusic.data.bean.LibraryInfo,getTitle/0,title,1
C:\Jetpack-MVVM-Best-Practice-master\app\src\main\java\com\kunminx\puremusic\data\bean\LibraryInfo.java,com.kunminx.puremusic.data.bean.LibraryInfo,getUrl/0,url,1
C:\Jetpack-MVVM-Best-Practice-master\app\src\main\java\com\kunminx\puremusic\data\bean\LibraryInfo.java,com.kunminx.puremusic.data.bean.LibraryInfo,"LibraryInfo/3[java.lang.String,java.lang.String,java.lang.String]",summary,3
C:\Jetpack-MVVM-Best-Practice-master\app\src\main\java\com\kunminx\puremusic\data\bean\LibraryInfo.java,com.kunminx.puremusic.data.bean.LibraryInfo,"LibraryInfo/3[java.lang.String,java.lang.String,java.lang.String]",title,3
C:\Jetpack-MVVM-Best-Practice-master\app\src\main\java\com\kunminx\puremusic\data\bean\LibraryInfo.java,com.kunminx.puremusic.data.bean.LibraryInfo,"LibraryInfo/3[java.lang.String,java.lang.String,java.lang.String]",url,3
C:\Jetpack-MVVM-Best-Practice-master\app\src\main\java\com\kunminx\puremusic\data\bean\LibraryInfo.java,com.kunminx.puremusic.data.bean.LibraryInfo,getSummary/0,summary,1
C:\Jetpack-MVVM-Best-Practice-master\app\src\main\java\com\kunminx\puremusic\domain\request\MusicRequester.java,com.kunminx.puremusic.domain.request.MusicRequester,getFreeMusicsResult/0,mFreeMusicsResult,1
C:\Jetpack-MVVM-Best-Practice-master\app\src\main\java\com\kunminx\puremusic\domain\request\MusicRequester.java,com.kunminx.puremusic.domain.request.MusicRequester,requestFreeMusics/0,mFreeMusicsResult,1
C:\Jetpack-MVVM-Best-Practice-master\app\src\main\java\com\kunminx\puremusic\ui\view\PlayPauseView.java,com.kunminx.puremusic.ui.view.PlayPauseView,setCircleColor/1[int],mBackgroundColor,1
C:\Jetpack-MVVM-Best-Practice-master\app\src\main\java\com\kunminx\puremusic\ui\view\PlayPauseView.java,com.kunminx.puremusic.ui.view.PlayPauseView,getDrawableColor/0,mDrawableColor,1
C:\Jetpack-MVVM-Best-Practice-master\app\src\main\java\com\kunminx\puremusic\ui\view\PlayPauseView.java,com.kunminx.puremusic.ui.view.PlayPauseView,setDrawableColor/1[int],mDrawable,1
C:\Jetpack-MVVM-Best-Practice-master\app\src\main\java\com\kunminx\puremusic\ui\view\PlayPauseView.java,com.kunminx.puremusic.ui.view.PlayPauseView,setDrawableColor/1[int],mDrawableColor,1
C:\Jetpack-MVVM-Best-Practice-master\app\src\main\java\com\kunminx\puremusic\ui\view\PlayPauseView.java,com.kunminx.puremusic.ui.view.PlayPauseView,setCircleAlpha/1[int],circleAlpha,1
C:\Jetpack-MVVM-Best-Practice-master\app\src\main\java\com\kunminx\puremusic\ui\view\PlayPauseView.java,com.kunminx.puremusic.ui.view.PlayPauseView,getCircleColor/0,mBackgroundColor,1
C:\Jetpack-MVVM-Best-Practice-master\app\src\main\java\com\kunminx\puremusic\ui\view\PlayPauseView.java,com.kunminx.puremusic.ui.view.PlayPauseView,verifyDrawable/1[com.kunminx.puremusic.ui.view.Drawable],mDrawable,1
C:\Jetpack-MVVM-Best-Practice-master\app\src\main\java\com\kunminx\puremusic\ui\view\PlayPauseView.java,com.kunminx.puremusic.ui.view.PlayPauseView,onDraw/1[com.kunminx.puremusic.ui.view.Canvas],mHeight,2
C:\Jetpack-MVVM-Best-Practice-master\app\src\main\java\com\kunminx\puremusic\ui\view\PlayPauseView.java,com.kunminx.puremusic.ui.view.PlayPauseView,onDraw/1[com.kunminx.puremusic.ui.view.Canvas],circleAlpha,1
C:\Jetpack-MVVM-Best-Practice-master\app\src\main\java\com\kunminx\puremusic\ui\view\PlayPauseView.java,com.kunminx.puremusic.ui.view.PlayPauseView,onDraw/1[com.kunminx.puremusic.ui.view.Canvas],mDrawable,1
C:\Jetpack-MVVM-Best-Practice-master\app\src\main\java\com\kunminx\puremusic\ui\view\PlayPauseView.java,com.kunminx.puremusic.ui.view.PlayPauseView,onDraw/1[com.kunminx.puremusic.ui.view.Canvas],mWidth,2
C:\Jetpack-MVVM-Best-Practice-master\app\src\main\java\com\kunminx\puremusic\ui\view\PlayPauseView.java,com.kunminx.puremusic.ui.view.PlayPauseView,onDraw/1[com.kunminx.puremusic.ui.view.Canvas],isDrawCircle,1
C:\Jetpack-MVVM-Best-Practice-master\app\src\main\java\com\kunminx\puremusic\ui\view\PlayPauseView.java,com.kunminx.puremusic.ui.view.PlayPauseView,onDraw/1[com.kunminx.puremusic.ui.view.Canvas],mPaint,4
C:\Jetpack-MVVM-Best-Practice-master\app\src\main\java\com\kunminx\puremusic\ui\view\PlayPauseView.java,com.kunminx.puremusic.ui.view.PlayPauseView,onDraw/1[com.kunminx.puremusic.ui.view.Canvas],mBackgroundColor,2
C:\Jetpack-MVVM-Best-Practice-master\app\src\main\java\com\kunminx\puremusic\ui\view\PlayPauseView.java,com.kunminx.puremusic.ui.view.PlayPauseView,pause/0,mDrawable,2
C:\Jetpack-MVVM-Best-Practice-master\app\src\main\java\com\kunminx\puremusic\ui\view\PlayPauseView.java,com.kunminx.puremusic.ui.view.PlayPauseView,pause/0,mIsPlay,1
C:\Jetpack-MVVM-Best-Practice-master\app\src\main\java\com\kunminx\puremusic\ui\view\PlayPauseView.java,com.kunminx.puremusic.ui.view.PlayPauseView,pause/0,mAnimatorSet,5
C:\Jetpack-MVVM-Best-Practice-master\app\src\main\java\com\kunminx\puremusic\ui\view\PlayPauseView.java,com.kunminx.puremusic.ui.view.PlayPauseView,pause/0,PLAY_PAUSE_ANIMATION_DURATION,1
C:\Jetpack-MVVM-Best-Practice-master\app\src\main\java\com\kunminx\puremusic\ui\view\PlayPauseView.java,com.kunminx.puremusic.ui.view.PlayPauseView,play/0,mDrawable,2
C:\Jetpack-MVVM-Best-Practice-master\app\src\main\java\com\kunminx\puremusic\ui\view\PlayPauseView.java,com.kunminx.puremusic.ui.view.PlayPauseView,play/0,mIsPlay,1
C:\Jetpack-MVVM-Best-Practice-master\app\src\main\java\com\kunminx\puremusic\ui\view\PlayPauseView.java,com.kunminx.puremusic.ui.view.PlayPauseView,play/0,mAnimatorSet,5
C:\Jetpack-MVVM-Best-Practice-master\app\src\main\java\com\kunminx\puremusic\ui\view\PlayPauseView.java,com.kunminx.puremusic.ui.view.PlayPauseView,play/0,PLAY_PAUSE_ANIMATION_DURATION,1
C:\Jetpack-MVVM-Best-Practice-master\app\src\main\java\com\kunminx\puremusic\ui\view\PlayPauseView.java,com.kunminx.puremusic.ui.view.PlayPauseView,"onSizeChanged/4[int,int,int,int]",mHeight,1
C:\Jetpack-MVVM-Best-Practice-master\app\src\main\java\com\kunminx\puremusic\ui\view\PlayPauseView.java,com.kunminx.puremusic.ui.view.PlayPauseView,"onSizeChanged/4[int,int,int,int]",mDrawable,1
C:\Jetpack-MVVM-Best-Practice-master\app\src\main\java\com\kunminx\puremusic\ui\view\PlayPauseView.java,com.kunminx.puremusic.ui.view.PlayPauseView,"onSizeChanged/4[int,int,int,int]",mWidth,1
C:\Jetpack-MVVM-Best-Practice-master\app\src\main\java\com\kunminx\puremusic\ui\view\PlayPauseView.java,com.kunminx.puremusic.ui.view.PlayPauseView,"PlayPauseView/2[com.kunminx.puremusic.ui.view.Context,com.kunminx.puremusic.ui.view.AttributeSet]",circleAlpha,2
C:\Jetpack-MVVM-Best-Practice-master\app\src\main\java\com\kunminx\puremusic\ui\view\PlayPauseView.java,com.kunminx.puremusic.ui.view.PlayPauseView,"PlayPauseView/2[com.kunminx.puremusic.ui.view.Context,com.kunminx.puremusic.ui.view.AttributeSet]",mDrawable,2
C:\Jetpack-MVVM-Best-Practice-master\app\src\main\java\com\kunminx\puremusic\ui\view\PlayPauseView.java,com.kunminx.puremusic.ui.view.PlayPauseView,"PlayPauseView/2[com.kunminx.puremusic.ui.view.Context,com.kunminx.puremusic.ui.view.AttributeSet]",isDrawCircle,1
C:\Jetpack-MVVM-Best-Practice-master\app\src\main\java\com\kunminx\puremusic\ui\view\PlayPauseView.java,com.kunminx.puremusic.ui.view.PlayPauseView,"PlayPauseView/2[com.kunminx.puremusic.ui.view.Context,com.kunminx.puremusic.ui.view.AttributeSet]",mPaint,4
C:\Jetpack-MVVM-Best-Practice-master\app\src\main\java\com\kunminx\puremusic\ui\view\PlayPauseView.java,com.kunminx.puremusic.ui.view.PlayPauseView,"PlayPauseView/2[com.kunminx.puremusic.ui.view.Context,com.kunminx.puremusic.ui.view.AttributeSet]",mDrawableColor,2
C:\Jetpack-MVVM-Best-Practice-master\app\src\main\java\com\kunminx\puremusic\ui\view\PlayPauseView.java,com.kunminx.puremusic.ui.view.PlayPauseView,"PlayPauseView/2[com.kunminx.puremusic.ui.view.Context,com.kunminx.puremusic.ui.view.AttributeSet]",mBackgroundColor,1
C:\Jetpack-MVVM-Best-Practice-master\app\src\main\java\com\kunminx\puremusic\ui\view\PlayPauseView.java,com.kunminx.puremusic.ui.view.PlayPauseView,isPlay/0,mIsPlay,1
C:\Jetpack-MVVM-Best-Practice-master\app\src\main\java\com\kunminx\puremusic\ui\page\PlayerFragment.java,com.kunminx.puremusic.ui.page.PlayerFragment,"onViewCreated/2[com.kunminx.puremusic.ui.page.View,com.kunminx.puremusic.ui.page.Bundle]",mAnimatorStates,1
C:\Jetpack-MVVM-Best-Practice-master\app\src\main\java\com\kunminx\puremusic\ui\page\PlayerFragment.java,com.kunminx.puremusic.ui.page.PlayerFragment,"onViewCreated/2[com.kunminx.puremusic.ui.page.View,com.kunminx.puremusic.ui.page.Bundle]",mMessenger,3
C:\Jetpack-MVVM-Best-Practice-master\app\src\main\java\com\kunminx\puremusic\ui\page\PlayerFragment.java,com.kunminx.puremusic.ui.page.PlayerFragment,"onViewCreated/2[com.kunminx.puremusic.ui.page.View,com.kunminx.puremusic.ui.page.Bundle]",mListener,4
C:\Jetpack-MVVM-Best-Practice-master\app\src\main\java\com\kunminx\puremusic\ui\page\PlayerFragment.java,com.kunminx.puremusic.ui.page.PlayerFragment,initViewModel/0,mAnimatorStates,1
C:\Jetpack-MVVM-Best-Practice-master\app\src\main\java\com\kunminx\puremusic\ui\page\PlayerFragment.java,com.kunminx.puremusic.ui.page.PlayerFragment,initViewModel/0,mStates,1
C:\Jetpack-MVVM-Best-Practice-master\app\src\main\java\com\kunminx\puremusic\ui\page\PlayerFragment.java,com.kunminx.puremusic.ui.page.PlayerFragment,initViewModel/0,mMessenger,1
C:\Jetpack-MVVM-Best-Practice-master\app\src\main\java\com\kunminx\puremusic\ui\page\PlayerFragment.java,com.kunminx.puremusic.ui.page.PlayerFragment,getDataBindingConfig/0,mAnimatorStates,1
C:\Jetpack-MVVM-Best-Practice-master\app\src\main\java\com\kunminx\puremusic\ui\page\PlayerFragment.java,com.kunminx.puremusic.ui.page.PlayerFragment,getDataBindingConfig/0,mStates,1
